date,ticker,close,open,high,low,volume,company_name
2023-01-04,FB,153.09,152.93,153.7,152.32,35944707,Meta Platforms
2023-05-05,FALN,50.73,50.63,51.24,49.97,7981440,Fallen Corp
2023-12-08,META,231.72,231.49,232.65,230.56,18434610,Meta Platforms
2023-05-24,JPM,143.61,143.46,144.33,142.75,15427148,JPM Inc
2023-04-17,FALN,48.27,48.17,48.75,47.54,7089370,Fallen Corp
2023-07-10,JPM,187.99,187.8,188.93,186.86,48445065,JPM Inc
2023-10-23,XOM,135.86,135.72,136.54,135.04,34018490,XOM Inc
2023-12-13,XOM,162.77,162.61,163.58,161.79,30439173,XOM Inc
2023-08-03,JPM,194.01,193.81,194.98,192.84,21064554,JPM Inc
2023-06-13,FALN,38.35,38.27,38.73,37.77,4885250,Fallen Corp
2023-03-09,MSFT,263.4,263.14,264.72,261.82,28656190,MSFT Inc
2023-07-06,JPM,184.67,184.49,185.6,183.57,46655138,JPM Inc
2023-01-19,JPM,146.01,145.86,146.74,145.13,37446436,JPM Inc
2023-07-20,JPM,194.73,194.53,195.7,193.56,49804549,JPM Inc
2023-08-08,MSFT,301.06,300.76,302.57,299.25,28631669,MSFT Inc
2023-10-13,AAPL,30.36,30.33,30.52,30.18,178086152,AAPL Inc
2023-08-21,META,221.27,221.05,222.15,220.16,10281854,Meta Platforms
2023-02-20,FALN,44.11,44.02,44.55,43.45,4998422,Fallen Corp
2023-09-12,META,243.66,243.42,244.64,242.45,28587074,Meta Platforms
2023-05-12,MSFT,250.72,250.47,251.98,249.22,11193956,MSFT Inc
2023-04-10,FB,163.79,163.62,164.44,162.97,33628023,Meta Platforms
2023-06-14,FB,208.72,208.51,209.56,207.68,11578315,Meta Platforms
2023-06-22,MSFT,258.59,258.33,259.88,257.04,48229625,MSFT Inc
2023-04-11,AAPL,114.27,114.15,114.84,113.58,47776767,AAPL Inc
2023-05-25,FB,200.0,199.8,200.8,199.0,27525068,Meta Platforms
2023-10-26,XOM,141.09,140.95,141.8,140.25,20342276,XOM Inc
2023-06-23,XOM,98.15,98.05,98.64,97.56,35647215,XOM Inc
2023-05-22,FALN,48.49,48.39,48.97,47.76,5201765,Fallen Corp
2023-01-31,JPM,142.41,142.27,143.12,141.56,36049883,JPM Inc
2023-08-10,XOM,112.64,112.52,113.2,111.96,18609569,XOM Inc
2023-02-02,XOM,106.67,106.57,107.21,106.03,11367712,XOM Inc
2023-06-14,XOM,107.45,107.35,107.99,106.81,44549566,XOM Inc
2023-01-10,XOM,115.09,114.98,115.67,114.4,41059026,XOM Inc
2023-02-07,JPM,151.67,151.52,152.43,150.76,15929084,JPM Inc
2023-11-10,META,247.44,247.19,248.43,246.2,27938284,Meta Platforms
2023-06-06,AAPL,104.03,103.92,104.55,103.4,5197775,AAPL Inc
2023-10-16,JPM,252.38,252.13,253.64,250.86,43285173,JPM Inc
2023-06-13,FB,204.63,204.43,205.45,203.61,39698493,Meta Platforms
2023-10-09,JPM,258.67,258.41,259.96,257.11,30431622,JPM Inc
2023-12-07,XOM,157.21,157.06,158.0,156.27,38833647,XOM Inc
2023-07-11,MSFT,302.77,302.47,304.28,300.95,11238795,MSFT Inc
2023-01-30,FALN,41.15,41.07,41.56,40.53,5904948,Fallen Corp
2023-01-13,AAPL,142.61,142.47,143.33,141.76,38843222,AAPL Inc
2023-11-16,MSFT,379.17,378.79,381.07,376.89,42367702,MSFT Inc
2023-04-27,XOM,114.13,114.02,114.7,113.44,8212883,XOM Inc
2023-05-15,AAPL,108.0,107.89,108.54,107.35,28263676,AAPL Inc
2023-08-28,MSFT,301.47,301.17,302.98,299.66,36354977,MSFT Inc
2023-01-23,FB,178.25,178.07,178.96,177.36,35056359,Meta Platforms
2023-04-06,FALN,45.66,45.57,46.12,44.97,6057653,Fallen Corp
2023-05-17,FALN,51.42,51.32,51.94,50.65,6886174,Fallen Corp
2023-01-25,AAPL,127.85,127.72,128.48,127.08,15495300,AAPL Inc
2023-12-15,AAPL,34.61,34.58,34.78,34.4,60620896,AAPL Inc
2023-10-13,MSFT,324.18,323.86,325.8,322.23,42639184,MSFT Inc
2023-05-18,AAPL,109.31,109.21,109.86,108.66,20787803,AAPL Inc
2023-12-29,AAPL,36.56,36.52,36.74,36.34,183217340,AAPL Inc
2023-03-30,AAPL,103.73,103.63,104.25,103.11,7989475,AAPL Inc
2023-07-28,JPM,185.84,185.66,186.77,184.73,40209185,JPM Inc
2023-02-08,FALN,43.9,43.81,44.34,43.24,4804409,Fallen Corp
2023-09-25,MSFT,,322.76,324.7,321.14,12733308,MSFT Inc
2023-09-11,XOM,123.8,123.68,124.42,123.06,42026182,XOM Inc
2023-05-24,FALN,47.46,47.37,47.94,46.75,5666805,Fallen Corp
2023-03-01,JPM,143.53,143.39,144.25,142.67,38149417,JPM Inc
2023-02-08,FB,154.62,154.46,155.24,153.85,37082984,Meta Platforms
2023-09-08,AAPL,31.68,31.64,31.83,31.48,96658112,AAPL Inc
2023-06-28,XOM,97.7,97.6,98.19,97.12,32758455,XOM Inc
2023-10-12,META,228.85,228.62,229.76,227.7,28742946,Meta Platforms
2023-11-30,MSFT,354.09,353.73,355.86,351.96,15828463,MSFT Inc
2023-12-07,META,240.57,240.33,241.53,239.36,13541815,Meta Platforms
2023-01-05,FALN,43.55,43.46,43.99,42.9,6049384,Fallen Corp
2023-09-18,AAPL,31.52,31.49,31.68,31.34,177207216,AAPL Inc
2023-06-07,FB,210.12,209.91,210.96,209.07,21303471,Meta Platforms
2023-05-08,MSFT,255.31,255.06,256.59,253.78,20823554,MSFT Inc
2023-05-04,FALN,48.29,48.2,48.77,47.57,7818026,Fallen Corp
2023-11-28,JPM,298.14,297.84,299.63,296.35,13889782,JPM Inc
2023-09-21,META,237.92,237.68,238.87,236.73,34530166,Meta Platforms
2023-07-18,META,202.88,202.68,203.69,201.86,33284876,Meta Platforms
2023-03-02,AAPL,111.69,111.57,112.24,111.02,16153281,AAPL Inc
2023-10-12,MSFT,330.75,330.42,332.41,328.77,43542128,MSFT Inc
2023-07-31,MSFT,293.59,293.3,295.06,291.83,27704829,MSFT Inc
2023-08-02,MSFT,295.33,295.03,296.8,293.55,5691757,MSFT Inc
2023-09-29,META,229.71,229.48,230.62,228.56,31078616,Meta Platforms
2023-09-19,AAPL,31.83,31.8,31.99,31.64,39393148,AAPL Inc
2023-07-28,MSFT,293.92,293.63,295.39,292.16,39954715,MSFT Inc
2023-02-20,FB,153.22,153.07,153.84,152.46,32446105,Meta Platforms
2023-06-23,JPM,172.23,172.06,173.09,171.2,9032654,JPM Inc
2023-07-06,META,210.08,209.87,210.92,209.03,24940284,Meta Platforms
2023-07-18,AAPL,110.56,110.45,111.11,109.9,33830884,AAPL Inc
2023-06-27,JPM,173.83,173.66,174.7,172.79,28277458,JPM Inc
2023-08-18,XOM,107.04,106.93,107.58,106.4,39093077,XOM Inc
2023-03-23,MSFT,270.21,269.94,268.59,271.56,29444321,MSFT Inc
2023-01-19,AAPL,135.55,135.41,136.23,134.74,8693305,AAPL Inc
2023-06-14,MSFT,,256.05,257.59,254.77,41413676,MSFT Inc
2023-03-22,XOM,110.81,110.7,111.37,110.15,18654772,XOM Inc
2023-11-20,META,259.79,259.53,260.83,258.49,19031370,Meta Platforms
2023-11-24,META,250.99,250.74,251.99,249.73,23722816,Meta Platforms
2023-02-17,AAPL,119.72,119.6,120.32,119.01,9035851,AAPL Inc
2023-10-02,XOM,127.58,127.45,128.22,126.82,23988954,XOM Inc
2023-07-25,AAPL,107.2,107.09,107.73,106.56,6286643,AAPL Inc
2023-11-21,JPM,305.15,304.84,306.67,303.32,36886947,JPM Inc
2023-06-15,AAPL,109.75,109.64,110.3,109.09,43638201,AAPL Inc
2023-07-21,META,205.35,205.14,206.17,204.32,32816739,Meta Platforms
2023-12-01,META,252.49,252.23,253.5,251.22,17272003,Meta Platforms
2023-08-30,MSFT,316.86,316.54,318.45,314.96,36873646,MSFT Inc
2023-10-23,AAPL,33.64,33.6,33.8,33.44,149451472,AAPL Inc
2023-10-16,META,231.68,231.45,232.61,230.52,34120944,Meta Platforms
2023-12-11,JPM,302.97,302.67,304.49,301.15,33222101,JPM Inc
2023-06-20,FALN,38.97,38.89,39.36,38.38,6573694,Fallen Corp
2023-06-15,XOM,106.25,106.15,106.78,105.62,15347918,XOM Inc
2023-07-12,MSFT,307.53,307.22,309.06,305.68,19157398,MSFT Inc
2023-03-09,FALN,38.01,37.93,38.39,37.44,3655982,Fallen Corp
2023-12-13,MSFT,340.4,340.06,342.1,338.36,33348817,MSFT Inc
2023-03-23,AAPL,107.78,107.68,108.32,107.14,44673332,AAPL Inc
2023-05-30,FALN,44.23,44.14,44.67,43.56,5688482,Fallen Corp
2023-04-04,MSFT,265.81,265.54,267.14,264.22,45906639,MSFT Inc
2023-02-03,AAPL,120.7,120.58,121.3,119.97,38603547,AAPL Inc
2023-06-05,AAPL,104.05,103.95,104.57,103.43,49362902,AAPL Inc
2023-01-23,AAPL,129.57,129.44,130.21,128.79,9466271,AAPL Inc
2023-08-29,MSFT,313.29,312.97,314.85,311.41,30874486,MSFT Inc
2023-02-23,XOM,107.15,107.04,107.69,106.51,33997166,XOM Inc
2023-05-02,MSFT,249.42,249.17,250.67,247.93,26232430,MSFT Inc
2023-04-03,MSFT,265.46,265.2,266.79,263.87,13997354,MSFT Inc
2023-05-23,AAPL,104.97,104.87,105.5,104.35,34365614,AAPL Inc
2023-01-19,XOM,104.47,104.37,104.99,103.84,20663645,XOM Inc
2023-07-12,META,204.32,204.12,205.14,203.3,35059572,Meta Platforms
2023-09-25,JPM,239.75,239.51,240.95,238.31,35060464,JPM Inc
2023-09-29,MSFT,,333.38,335.39,331.72,33356738,MSFT Inc
2023-03-08,FALN,39.19,39.11,39.58,38.6,3095588,Fallen Corp
2023-04-19,FB,165.88,165.72,166.55,165.06,21619039,Meta Platforms
2023-12-18,XOM,162.07,161.91,162.88,161.1,40515016,XOM Inc
2023-03-31,MSFT,272.38,272.11,273.74,270.75,47842925,MSFT Inc
2023-01-04,FALN,43.28,43.19,43.71,42.63,3408630,Fallen Corp
2023-05-19,AAPL,108.84,108.73,109.38,108.18,26023454,AAPL Inc
2023-11-16,AAPL,33.94,33.91,34.11,33.74,160619312,AAPL Inc
2023-03-07,AAPL,106.0,105.89,106.53,105.36,43134513,AAPL Inc
2023-08-03,XOM,109.0,108.89,109.54,108.34,13433840,XOM Inc
2023-12-05,MSFT,372.24,371.87,374.1,370.01,34061846,MSFT Inc
2023-12-18,JPM,305.77,305.46,307.3,303.93,6206861,JPM Inc
2023-10-17,META,233.58,233.34,234.51,232.41,39486438,Meta Platforms
2023-08-22,MSFT,308.08,307.77,309.62,306.23,16952314,MSFT Inc
2023-12-28,XOM,166.22,166.05,167.05,165.22,46537804,XOM Inc
2023-07-19,JPM,188.91,188.72,189.85,187.78,19677441,JPM Inc
2023-10-19,MSFT,351.21,350.86,352.96,349.1,41851723,MSFT Inc
2023-06-08,AAPL,109.48,109.37,110.02,108.82,22564710,AAPL Inc
2023-03-14,AAPL,105.26,105.16,105.79,104.63,9833177,AAPL Inc
2023-06-26,MSFT,261.04,260.78,262.35,259.48,20985249,MSFT Inc
2023-12-05,AAPL,33.92,33.89,34.1,33.72,105987292,AAPL Inc
2023-01-24,FALN,41.06,40.98,41.47,40.44,4714379,Fallen Corp
2023-01-24,XOM,102.84,102.74,103.36,102.23,36632286,XOM Inc
2023-06-01,FB,203.7,203.5,204.52,202.68,16928655,Meta Platforms
2023-06-19,XOM,99.85,99.75,100.35,99.25,37382711,XOM Inc
2023-02-03,MSFT,243.96,243.72,245.18,242.5,19013403,MSFT Inc
2023-08-04,MSFT,294.94,294.65,296.42,293.17,48470977,MSFT Inc
2023-08-07,META,208.73,208.52,209.57,207.69,38811349,Meta Platforms
2023-08-18,AAPL,112.5,112.39,113.07,111.83,43538877,AAPL Inc
2023-02-23,JPM,145.6,145.45,146.32,144.72,36073264,JPM Inc
2023-01-05,MSFT,248.09,247.85,249.33,246.61,12022336,MSFT Inc
2023-07-18,JPM,182.77,182.58,183.68,181.67,19846767,JPM Inc
2023-07-25,XOM,103.3,103.2,103.82,102.68,28166524,XOM Inc
2023-07-17,JPM,183.65,183.47,184.57,182.55,22002265,JPM Inc
2023-11-02,XOM,157.48,157.32,158.27,156.54,30288599,XOM Inc
2023-06-01,XOM,121.72,121.6,122.33,120.99,49343121,XOM Inc
2023-01-30,AAPL,125.79,125.67,126.42,125.04,39654999,AAPL Inc
2023-09-15,JPM,225.54,225.31,226.66,224.18,31417902,JPM Inc
2023-12-12,MSFT,335.06,334.73,336.74,333.05,13670178,MSFT Inc
2023-06-21,JPM,172.47,172.3,173.34,171.44,6961977,JPM Inc
2023-09-05,JPM,202.51,202.31,203.52,201.29,48300173,JPM Inc
2023-12-14,XOM,163.55,163.39,164.37,162.57,27931189,XOM Inc
2023-08-30,AAPL,28.39,28.36,28.53,28.22,188992408,AAPL Inc
2023-05-31,FALN,43.52,43.44,43.96,42.87,7196652,Fallen Corp
2023-08-21,JPM,201.96,201.76,202.97,200.75,42710964,JPM Inc
2023-07-12,XOM,92.85,92.76,93.31,92.29,45956756,XOM Inc
2023-01-04,MSFT,246.9,246.66,248.14,245.42,16686214,MSFT Inc
2023-09-18,META,239.56,239.32,240.52,238.37,15648393,Meta Platforms
2023-02-17,MSFT,264.53,264.27,265.85,262.94,34229010,MSFT Inc
2023-08-22,XOM,110.86,110.75,111.41,110.19,21374601,XOM Inc
2023-08-24,XOM,114.8,114.68,115.37,114.11,16218063,XOM Inc
2023-10-04,XOM,128.37,128.24,129.01,127.6,7639929,XOM Inc
2023-05-25,XOM,115.05,114.94,115.63,114.36,5566088,XOM Inc
2023-05-19,JPM,144.48,144.33,145.2,143.61,35338208,JPM Inc
2023-06-29,AAPL,114.47,114.35,115.04,113.78,37185232,AAPL Inc
2023-01-11,FALN,41.26,41.18,41.67,40.64,5668170,Fallen Corp
2023-09-28,XOM,124.67,124.55,125.3,123.92,28063155,XOM Inc
2023-08-11,JPM,207.04,206.83,208.07,205.79,47491924,JPM Inc
2023-07-20,XOM,98.48,98.38,98.97,97.89,9151785,XOM Inc
2023-07-17,META,208.51,208.3,209.34,207.46,19314823,Meta Platforms
2023-05-16,FALN,49.84,49.74,50.34,49.09,6186686,Fallen Corp
2023-03-22,FB,155.09,154.94,155.71,154.32,36762677,Meta Platforms
2023-05-25,MSFT,235.47,235.23,236.64,234.05,44054025,MSFT Inc
2023-11-15,JPM,315.36,315.05,316.94,313.47,29245082,JPM Inc
2023-11-06,META,253.74,253.49,254.76,252.47,35872497,Meta Platforms
2023-03-03,FALN,43.17,43.09,43.61,42.53,7557344,Fallen Corp
2023-02-21,JPM,144.15,144.01,144.87,143.29,20702852,JPM Inc
2023-03-28,XOM,112.31,112.2,112.87,111.64,38422637,XOM Inc
2023-10-26,MSFT,378.21,377.83,380.1,375.94,15880726,MSFT Inc
2023-08-01,AAPL,107.56,107.46,108.1,106.92,19509187,AAPL Inc
2023-12-20,AAPL,35.9,35.86,36.08,35.68,133068736,AAPL Inc
2023-05-19,XOM,117.55,117.43,118.14,116.84,35115806,XOM Inc
2023-07-31,JPM,180.57,180.39,181.48,179.49,13793380,JPM Inc
2023-03-27,XOM,112.93,112.82,113.5,112.25,43560290,XOM Inc
2023-05-23,MSFT,247.73,247.48,248.96,246.24,29899065,MSFT Inc
2023-10-18,AAPL,30.44,30.42,30.6,30.26,115819044,AAPL Inc
2023-06-01,AAPL,108.22,108.11,108.76,107.57,15198499,AAPL Inc
2023-03-30,XOM,113.71,113.6,114.28,113.03,13221252,XOM Inc
2023-07-05,MSFT,281.68,281.39,283.08,279.99,41207525,MSFT Inc
2023-03-09,JPM,144.34,144.2,145.06,143.47,41693176,JPM Inc
2023-04-28,MSFT,242.66,242.42,243.88,241.21,13790529,MSFT Inc
2023-09-20,MSFT,307.04,306.73,308.57,305.2,38458471,MSFT Inc
2023-02-03,XOM,107.9,107.8,108.44,107.26,49991633,XOM Inc
2023-06-21,META,212.73,212.52,213.58,211.67,21893046,Meta Platforms
2023-03-16,XOM,102.76,102.65,103.27,102.14,15538832,XOM Inc
2023-04-20,JPM,148.33,148.18,149.07,147.44,46971665,JPM Inc
2023-06-05,MSFT,263.19,262.93,264.51,261.61,48946719,MSFT Inc
2023-03-16,MSFT,266.49,266.23,267.82,264.89,34822180,MSFT Inc
2023-03-07,FB,151.58,151.43,152.19,150.82,10734275,Meta Platforms
2023-06-28,FALN,32.76,32.69,33.08,32.27,1337913,Fallen Corp
2023-07-27,META,220.82,220.6,221.7,219.72,20900518,Meta Platforms
2023-08-08,JPM,198.73,198.53,199.73,197.54,15302330,JPM Inc
2023-05-01,XOM,115.55,115.43,116.12,114.85,19218200,XOM Inc
2023-02-09,FB,155.06,154.9,155.68,154.28,17972368,Meta Platforms
2023-12-12,META,234.28,234.05,235.22,233.11,14610146,Meta Platforms
2023-06-28,AAPL,114.2,114.09,114.78,113.52,42980651,AAPL Inc
2023-10-04,MSFT,338.69,338.35,340.38,336.66,35908587,MSFT Inc
2023-11-01,XOM,155.66,155.51,156.44,154.73,6228807,XOM Inc
2023-07-24,XOM,98.91,98.81,99.41,98.32,38354320,XOM Inc
2023-04-10,MSFT,248.93,248.68,250.18,247.44,12985620,MSFT Inc
2023-10-12,JPM,256.59,256.33,257.87,255.05,47098723,JPM Inc
2023-02-01,XOM,106.76,106.65,107.29,106.12,9855920,XOM Inc
2023-05-31,FB,206.16,205.95,206.98,205.13,22299755,Meta Platforms
2023-01-06,AAPL,136.31,136.17,136.99,135.49,48112788,AAPL Inc
2023-08-28,AAPL,28.88,28.86,29.03,28.71,196786936,AAPL Inc
2023-03-27,AAPL,108.93,108.82,109.47,108.27,21934380,AAPL Inc
2023-07-20,XOM,98.48,98.38,98.97,97.89,9151785,XOM Inc
2023-09-27,XOM,125.33,125.2,125.95,124.57,24678933,XOM Inc
2023-07-24,JPM,190.17,189.98,191.12,189.03,48022964,JPM Inc
2023-03-13,FALN,39.01,38.93,39.4,38.43,4244967,Fallen Corp
2023-09-26,MSFT,329.77,329.44,331.42,327.79,8875754,MSFT Inc
2023-09-22,AAPL,30.35,30.32,30.5,30.16,28901200,AAPL Inc
2023-01-13,FB,155.78,155.62,156.4,155.0,32578254,Meta Platforms
2023-09-27,MSFT,326.61,326.28,328.24,324.65,24482215,MSFT Inc
2023-02-06,MSFT,240.86,240.62,242.06,239.42,48542641,MSFT Inc
2023-04-04,JPM,145.62,145.48,146.35,144.75,31844511,JPM Inc
2023-01-12,XOM,111.39,111.28,111.95,110.72,36386811,XOM Inc
2023-05-31,MSFT,255.35,255.09,256.63,253.82,21867309,MSFT Inc
2023-03-02,FB,152.04,151.89,152.65,151.28,37643572,Meta Platforms
2023-03-23,XOM,111.03,110.92,111.58,110.36,44776146,XOM Inc
2023-02-17,XOM,106.14,106.04,106.67,105.5,23904815,XOM Inc
2023-08-07,MSFT,304.05,303.74,305.57,302.22,48092987,MSFT Inc
2023-06-02,MSFT,273.89,273.62,275.26,272.25,17800127,MSFT Inc
2023-09-19,META,242.29,242.04,243.26,241.08,22651235,Meta Platforms
2023-08-29,META,229.59,229.36,230.51,228.44,28434369,Meta Platforms
2023-06-15,MSFT,253.24,252.98,254.5,251.72,38877350,MSFT Inc
2023-01-04,XOM,113.89,113.78,114.46,113.21,14546263,XOM Inc
2023-02-08,AAPL,119.21,119.09,119.81,118.5,22498963,AAPL Inc
2023-05-26,XOM,115.46,115.34,116.04,114.76,18727532,XOM Inc
2023-09-18,JPM,234.7,234.47,235.87,233.29,9338843,JPM Inc
2023-04-06,MSFT,252.32,252.07,253.58,250.81,34677043,MSFT Inc
2023-07-14,XOM,95.28,95.18,95.76,94.71,25275624,XOM Inc
2023-04-13,JPM,158.44,158.29,159.24,157.49,28116992,JPM Inc
2023-10-26,AAPL,35.56,35.53,35.74,35.35,184965092,AAPL Inc
2023-03-28,JPM,139.08,138.94,139.78,138.25,31336263,JPM Inc
2023-01-23,MSFT,241.99,241.75,243.2,240.54,19246173,MSFT Inc
2023-11-03,JPM,271.15,270.88,272.5,269.52,17448727,JPM Inc
2023-09-25,META,235.94,235.7,236.88,234.76,17395873,Meta Platforms
2023-10-06,AAPL,29.32,29.29,29.46,29.14,161711412,AAPL Inc
2023-11-09,JPM,285.67,285.39,287.1,283.96,23552983,JPM Inc
2023-07-26,MSFT,295.64,295.35,297.12,293.87,40055276,MSFT Inc
2023-08-02,XOM,110.62,110.51,111.17,109.96,25229717,XOM Inc
2023-02-27,MSFT,274.64,274.37,276.02,273.0,37722310,MSFT Inc
2023-10-31,AAPL,35.36,35.33,35.54,35.15,36666000,AAPL Inc
2023-04-03,JPM,140.25,140.11,140.95,139.41,8122951,JPM Inc
2023-12-21,AAPL,36.66,36.62,36.84,36.44,195298352,AAPL Inc
2023-08-02,AAPL,106.14,106.04,106.67,105.51,32780899,AAPL Inc
2023-09-29,AAPL,30.12,30.09,30.27,29.94,155912008,AAPL Inc
2023-12-06,XOM,158.55,158.39,159.34,157.6,19451300,XOM Inc
2023-04-06,AAPL,111.33,111.22,111.89,110.67,11854500,AAPL Inc
2023-05-04,XOM,116.77,116.65,117.35,116.07,11423959,XOM Inc
2023-08-15,XOM,108.03,107.92,108.57,107.38,45907604,XOM Inc
2023-06-15,FALN,38.72,38.64,39.11,38.14,5902059,Fallen Corp
2023-11-10,XOM,161.59,161.43,162.4,160.62,40823502,XOM Inc
2023-02-10,FB,155.06,154.9,155.68,154.28,38481082,Meta Platforms
2023-11-13,JPM,304.44,304.13,305.96,302.61,46927728,JPM Inc
2023-11-10,MSFT,382.29,381.91,384.2,380.0,40119150,MSFT Inc
2023-12-04,AAPL,33.99,33.96,34.16,33.79,167476496,AAPL Inc
2023-08-16,JPM,207.14,206.93,208.17,205.89,37482294,JPM Inc
2023-09-20,AAPL,31.8,31.76,31.96,31.6,176852912,AAPL Inc
2023-07-11,JPM,186.48,186.29,187.41,185.36,45133569,JPM Inc
2023-07-05,XOM,97.13,97.04,97.62,96.55,32512406,XOM Inc
2023-09-08,META,245.51,245.26,246.49,244.28,34619896,Meta Platforms
2023-02-08,JPM,150.96,150.81,151.72,150.06,17617619,JPM Inc
2023-06-08,XOM,110.97,110.86,111.53,110.31,25811680,XOM Inc
2023-02-02,MSFT,256.95,256.7,258.24,255.41,18769205,MSFT Inc
2023-08-25,JPM,192.45,192.25,193.41,191.29,27160074,JPM Inc
2023-06-19,META,207.71,207.5,208.54,206.67,32870289,Meta Platforms
2023-10-24,META,247.7,247.46,248.69,246.46,37054353,Meta Platforms
2023-12-01,JPM,293.75,293.45,295.21,291.98,15732002,JPM Inc
2023-06-02,AAPL,108.09,107.98,108.63,107.44,42342772,AAPL Inc
2023-04-26,FB,174.35,174.18,175.05,173.48,25981957,Meta Platforms
2023-06-21,AAPL,114.45,114.33,115.02,113.76,16624266,AAPL Inc
2023-02-07,XOM,109.3,109.2,109.85,108.65,5181360,XOM Inc
2023-01-30,MSFT,250.7,250.45,251.96,249.2,47531405,MSFT Inc
2023-03-10,FB,152.85,152.69,153.46,152.08,19422794,Meta Platforms
2023-05-02,XOM,115.42,115.3,115.99,114.72,19987811,XOM Inc
2023-10-03,XOM,129.83,129.7,130.48,129.06,44247228,XOM Inc
2023-06-07,MSFT,272.89,272.62,274.25,271.25,6732465,MSFT Inc
2023-01-30,JPM,142.75,142.61,143.47,141.9,43090551,JPM Inc
2023-01-06,FALN,42.79,42.7,43.21,42.14,2594918,Fallen Corp
2023-03-03,JPM,152.72,152.57,153.49,151.81,14685684,JPM Inc
2023-09-27,JPM,237.2,236.97,238.39,235.78,36349379,JPM Inc
2023-03-06,FALN,41.64,41.56,42.06,41.02,5975230,Fallen Corp
2023-04-05,AAPL,110.5,110.39,111.05,109.84,28899529,AAPL Inc
2023-12-18,MSFT,340.57,340.23,342.28,338.53,21843366,MSFT Inc
2023-06-30,MSFT,280.04,279.76,281.44,278.36,39569361,MSFT Inc
2023-11-08,JPM,287.73,287.44,289.17,286.0,45364615,JPM Inc
2023-12-12,XOM,164.03,163.86,164.85,163.04,12379933,XOM Inc
2023-03-29,FALN,44.61,44.52,45.05,43.94,6670706,Fallen Corp
2023-09-13,JPM,212.0,211.79,213.06,210.73,49731930,JPM Inc
2023-11-28,META,247.3,247.05,248.29,246.06,15277420,Meta Platforms
2023-05-02,JPM,155.75,155.59,156.52,154.81,43971207,JPM Inc
2023-11-07,JPM,288.12,287.83,289.56,286.39,11002296,JPM Inc
2023-11-22,MSFT,366.38,366.02,368.21,364.18,44678201,MSFT Inc
2023-07-05,AAPL,107.83,107.72,108.37,107.18,23109613,AAPL Inc
2023-10-04,JPM,251.89,251.64,253.15,250.38,46074249,JPM Inc
2023-08-01,JPM,187.87,187.68,188.81,186.74,15104107,JPM Inc
2023-05-09,MSFT,260.04,259.78,261.34,258.48,17790902,MSFT Inc
2023-10-26,META,246.79,246.54,247.77,245.55,14300915,Meta Platforms
2023-03-29,FB,163.75,163.59,164.4,162.93,21152153,Meta Platforms
2023-11-17,JPM,298.21,297.91,299.7,296.42,44432241,JPM Inc
2023-06-26,AAPL,117.75,117.63,118.33,117.04,7276360,AAPL Inc
2023-07-07,MSFT,286.7,286.42,288.14,284.98,36366160,MSFT Inc
2023-01-20,FALN,40.51,40.43,40.91,39.9,6156007,Fallen Corp
2023-12-19,META,245.13,244.88,246.11,243.9,23698156,Meta Platforms
2023-12-21,MSFT,325.39,325.06,327.02,323.44,15822814,MSFT Inc
2023-03-14,JPM,158.83,158.67,159.62,157.87,23144439,JPM Inc
2023-02-10,MSFT,251.29,251.04,252.55,249.78,15353564,MSFT Inc
2023-02-14,XOM,102.72,102.62,103.24,102.11,16031669,XOM Inc
2023-01-06,XOM,116.84,116.73,117.43,116.14,29133277,XOM Inc
2023-12-25,JPM,303.52,303.21,305.04,301.7,43290751,JPM Inc
2023-03-16,AAPL,105.19,105.08,105.71,104.56,37843353,AAPL Inc
2023-02-08,XOM,107.34,107.23,107.88,106.7,24221242,XOM Inc
2023-01-06,FB,164.4,164.24,165.06,163.58,23721794,Meta Platforms
2023-11-06,JPM,285.67,285.38,287.1,283.95,25523385,JPM Inc
2023-08-04,JPM,195.35,195.15,196.32,194.17,15905942,JPM Inc
2023-02-27,AAPL,112.13,112.02,112.69,111.46,34469068,AAPL Inc
2023-04-21,MSFT,239.63,239.39,240.83,238.2,46061756,MSFT Inc
2023-03-30,FB,169.0,168.83,169.67,168.15,38681968,Meta Platforms
2023-11-08,META,252.19,251.94,253.2,250.93,27579065,Meta Platforms
2023-02-27,FALN,42.3,42.21,42.72,41.66,4585681,Fallen Corp
2023-10-24,MSFT,366.52,366.15,368.35,364.32,46601684,MSFT Inc
2023-04-27,AAPL,111.78,111.67,112.34,111.11,28767318,AAPL Inc
2023-06-12,AAPL,109.78,109.67,110.33,109.12,48144233,AAPL Inc
2023-05-10,FALN,47.18,47.09,47.65,46.47,4999694,Fallen Corp
2023-07-12,JPM,184.74,184.56,185.67,183.63,49534701,JPM Inc
2023-09-28,JPM,244.83,244.59,246.06,243.36,34446493,JPM Inc
2023-01-10,FALN,41.64,41.55,42.05,41.01,7837951,Fallen Corp
2023-01-16,MSFT,248.95,248.7,250.19,247.45,29210749,MSFT Inc
2023-04-13,XOM,115.46,115.34,116.03,114.76,18487010,XOM Inc
2023-02-15,FB,149.58,149.43,150.18,148.84,20939590,Meta Platforms
2023-01-16,JPM,143.67,143.53,144.39,142.81,23720027,JPM Inc
2023-12-05,JPM,289.01,288.72,290.45,287.27,19697697,JPM Inc
2023-09-26,META,232.24,232.01,233.17,231.08,14584946,Meta Platforms
2023-05-16,AAPL,108.67,108.56,109.21,108.02,19573458,AAPL Inc
2023-09-27,META,242.96,242.72,243.93,241.75,20684544,Meta Platforms
2023-07-20,META,202.52,202.32,203.33,201.51,11449991,Meta Platforms
2023-12-28,MSFT,326.49,326.16,328.12,324.53,30841846,MSFT Inc
2023-03-09,AAPL,109.07,108.96,109.62,108.42,42317456,AAPL Inc
2023-10-05,JPM,260.54,260.28,261.84,258.97,17481574,JPM Inc
2023-02-21,FALN,43.24,43.16,43.68,42.59,7426288,Fallen Corp
2023-08-03,AAPL,106.67,106.56,107.2,106.03,10409861,AAPL Inc
2023-11-29,AAPL,34.38,34.34,34.54,34.17,48544116,AAPL Inc
2023-03-17,AAPL,107.41,107.3,107.95,106.77,13454561,AAPL Inc
2023-06-22,AAPL,111.32,111.21,111.87,110.65,38036945,AAPL Inc
2023-06-14,JPM,169.56,169.39,170.41,168.54,41291014,JPM Inc
2023-07-07,AAPL,106.93,106.83,107.47,106.29,49079273,AAPL Inc
2023-01-12,MSFT,255.32,255.06,256.6,253.79,17485559,MSFT Inc
2023-05-17,AAPL,109.27,109.16,109.82,108.62,34264326,AAPL Inc
2023-11-06,AAPL,36.61,36.57,36.79,36.39,21990248,AAPL Inc
2023-02-28,AAPL,112.55,112.44,113.12,111.88,35185054,AAPL Inc
2023-07-31,XOM,107.09,106.98,107.62,106.44,27197928,XOM Inc
2023-08-09,JPM,203.93,203.72,204.94,202.7,29091050,JPM Inc
2023-01-02,FB,149.81,149.66,150.41,149.06,27050668,Meta Platforms
2023-12-13,JPM,300.68,300.37,302.18,298.87,10783182,JPM Inc
2023-05-18,FALN,50.77,50.66,51.27,50.0,3825494,Fallen Corp
2023-01-13,FALN,40.92,40.84,41.33,40.31,6919626,Fallen Corp
2023-01-18,AAPL,140.79,140.65,141.5,139.95,48351876,AAPL Inc
2023-03-15,JPM,151.9,151.74,152.66,150.99,31220970,JPM Inc
2023-11-23,XOM,158.94,158.78,159.73,157.98,23303750,XOM Inc
2023-06-15,META,210.76,210.55,211.6,209.71,17427210,Meta Platforms
2023-08-07,XOM,108.59,108.48,109.13,107.94,20463365,XOM Inc
2023-10-10,JPM,264.2,263.93,265.52,262.61,25668329,JPM Inc
2023-10-11,JPM,266.96,266.7,268.3,265.36,33186921,JPM Inc
2023-04-19,JPM,151.06,150.91,151.81,150.15,13121757,JPM Inc
2023-11-22,META,262.37,262.1,263.42,261.05,19156484,Meta Platforms
2023-05-23,FB,197.94,197.74,198.73,196.95,29885807,Meta Platforms
2023-10-27,MSFT,377.47,377.1,379.36,375.21,27992356,MSFT Inc
2023-05-12,XOM,112.08,111.97,112.64,111.41,5019675,XOM Inc
2023-03-06,JPM,154.21,154.06,154.98,153.29,26217066,JPM Inc
2023-05-29,FB,208.02,207.81,208.85,206.98,19545226,Meta Platforms
2023-11-28,XOM,160.53,160.37,161.33,159.57,33180762,XOM Inc
2023-11-29,META,245.71,245.47,246.7,244.48,36372008,Meta Platforms
2023-12-07,JPM,283.19,282.9,284.6,281.49,22644180,JPM Inc
2023-09-18,MSFT,294.78,294.49,296.26,293.01,28567809,MSFT Inc
2023-04-18,MSFT,247.47,247.22,248.7,245.98,11569632,MSFT Inc
2023-11-22,AAPL,34.12,34.09,34.3,33.92,198482632,AAPL Inc
2023-10-25,META,249.63,249.38,250.63,248.38,11094316,Meta Platforms
2023-12-19,MSFT,335.95,335.62,337.63,333.94,29728848,MSFT Inc
2023-05-10,XOM,107.34,107.23,107.88,106.7,48357062,XOM Inc
2023-08-22,JPM,199.58,199.38,200.58,198.38,36806587,JPM Inc
2023-02-22,MSFT,278.24,277.96,279.63,276.57,21642016,MSFT Inc
2023-01-20,XOM,105.2,105.09,105.72,104.56,24567589,XOM Inc
2023-12-21,XOM,155.78,155.62,156.56,154.84,27362925,XOM Inc
2023-06-08,JPM,162.59,162.43,163.41,161.62,25167958,JPM Inc
2023-10-16,AAPL,29.81,29.78,29.96,29.63,66827352,AAPL Inc
2023-10-11,MSFT,314.49,314.18,316.06,312.6,14004644,MSFT Inc
2023-02-06,XOM,108.1,107.99,108.64,107.45,12997043,XOM Inc
2023-07-05,JPM,178.37,178.2,179.27,177.3,43382858,JPM Inc
2023-12-04,JPM,293.2,292.91,294.67,291.44,47454123,JPM Inc
2023-03-13,XOM,108.47,108.36,109.01,107.82,40880565,XOM Inc
2023-02-23,FB,148.45,148.31,149.05,147.71,21368954,Meta Platforms
2023-11-23,JPM,305.53,305.22,307.05,303.69,12667857,JPM Inc
2023-07-17,XOM,94.04,93.95,94.51,93.48,32531424,XOM Inc
2023-08-24,JPM,195.41,195.22,196.39,194.24,44115544,JPM Inc
2023-02-09,FALN,44.38,44.29,44.83,43.72,3964932,Fallen Corp
2023-09-22,META,234.07,233.84,235.01,232.9,33487130,Meta Platforms
2023-02-14,XOM,102.72,102.62,103.24,102.11,16031669,XOM Inc
2023-06-07,XOM,111.44,111.33,112.0,110.77,16551409,XOM Inc
2023-10-18,MSFT,350.91,350.56,352.67,348.81,29376816,MSFT Inc
2023-10-30,META,255.07,254.82,256.09,253.8,16760403,Meta Platforms
2023-05-09,JPM,143.65,143.5,144.36,142.78,16319247,JPM Inc
2023-08-09,AAPL,110.97,110.86,111.53,110.31,13415398,AAPL Inc
2023-12-07,MSFT,363.94,363.58,365.76,361.76,16457501,MSFT Inc
2023-04-11,FB,165.99,165.83,166.66,165.16,16280757,Meta Platforms
2023-07-17,AAPL,107.67,107.57,108.21,107.03,18846020,AAPL Inc
2023-08-14,AAPL,107.77,107.66,108.31,107.13,14137682,AAPL Inc
2023-03-06,MSFT,282.64,282.36,284.06,280.95,21701250,MSFT Inc
2023-06-23,FALN,34.03,33.96,34.37,33.52,5209738,Fallen Corp
2023-12-21,JPM,303.78,303.47,305.29,301.95,9936600,JPM Inc
2023-11-30,META,246.93,246.68,247.92,245.69,32104796,Meta Platforms
2023-07-10,MSFT,296.76,296.46,298.24,294.98,11944121,MSFT Inc
2023-01-17,JPM,140.35,140.21,141.05,139.51,28284856,JPM Inc
2023-07-14,MSFT,302.45,302.14,303.96,300.63,8751198,MSFT Inc
2023-10-20,META,245.05,244.8,246.03,243.82,33874253,Meta Platforms
2023-12-08,MSFT,352.9,352.54,354.66,350.78,39392435,MSFT Inc
2023-04-27,JPM,153.43,153.28,154.2,152.51,39831079,JPM Inc
2023-08-31,XOM,112.13,112.02,112.69,111.46,29567790,XOM Inc
2023-08-29,XOM,113.35,113.24,113.92,112.67,49446332,XOM Inc
2023-11-10,AAPL,34.34,34.3,34.51,34.13,42248268,AAPL Inc
2023-02-08,MSFT,249.87,249.62,251.12,248.37,48177856,MSFT Inc
2023-02-16,FB,150.62,150.47,151.22,149.87,10764265,Meta Platforms
2023-05-15,MSFT,253.71,253.45,254.97,252.18,18579173,MSFT Inc
2023-11-02,MSFT,372.53,372.16,374.39,370.3,30941259,MSFT Inc
2023-03-01,FALN,42.87,42.79,43.3,42.23,6281091,Fallen Corp
2023-06-28,JPM,169.86,169.69,170.71,168.84,11978140,JPM Inc
2023-03-21,FB,150.64,150.49,151.25,149.89,16193367,Meta Platforms
2023-12-04,MSFT,362.44,362.08,364.25,360.27,14913841,MSFT Inc
2023-10-31,JPM,248.97,248.73,250.22,247.48,43310408,JPM Inc
2023-11-17,MSFT,375.73,375.36,377.61,373.48,43360857,MSFT Inc
2023-02-07,AAPL,118.28,118.16,118.87,117.57,16726298,AAPL Inc
2023-04-21,FALN,52.55,52.45,53.08,51.76,1161445,Fallen Corp
2023-05-18,MSFT,261.61,261.34,262.91,260.04,19529416,MSFT Inc
2023-01-26,MSFT,246.35,246.1,247.58,244.87,45066066,MSFT Inc
2023-11-10,JPM,294.52,294.23,295.99,292.75,46538255,JPM Inc
2023-08-11,META,218.51,218.3,219.39,217.42,23618723,Meta Platforms
2023-01-05,AAPL,136.91,136.77,137.59,136.09,36099311,AAPL Inc
2023-02-02,AAPL,121.98,121.86,122.59,121.25,33997889,AAPL Inc
2023-03-27,FALN,42.87,42.78,43.3,42.23,5018280,Fallen Corp
2023-06-29,FALN,32.82,32.76,33.15,32.33,4915770,Fallen Corp
2023-05-03,MSFT,250.14,249.89,251.39,248.63,38246730,MSFT Inc
2023-01-09,JPM,152.6,152.45,153.37,151.69,43708480,JPM Inc
2023-10-23,META,248.44,248.2,249.44,247.2,30839440,Meta Platforms
2023-08-01,META,221.44,221.22,222.33,220.34,21103831,Meta Platforms
2023-09-07,XOM,121.31,121.19,121.92,120.59,26825215,XOM Inc
2023-10-13,META,225.14,224.92,226.04,224.02,22951138,Meta Platforms
2023-09-19,MSFT,300.32,300.02,301.83,298.52,7721864,MSFT Inc
2023-05-08,JPM,145.54,145.39,146.27,144.67,19497054,JPM Inc
2023-11-14,META,252.41,252.16,253.42,251.15,11035891,Meta Platforms
2023-06-12,FB,208.54,208.33,209.37,207.49,29676249,Meta Platforms
2023-06-16,MSFT,247.02,246.77,245.53,248.25,24023125,MSFT Inc
2023-03-06,XOM,113.38,113.26,113.94,112.7,32428913,XOM Inc
2023-06-09,MSFT,263.9,263.64,265.22,262.32,18109773,MSFT Inc
2023-04-17,FB,159.25,159.09,159.89,158.46,36724250,Meta Platforms
2023-08-31,META,235.59,235.35,236.53,234.41,19873863,Meta Platforms
2023-02-09,JPM,148.16,148.01,148.9,147.27,22715057,JPM Inc
2023-06-29,XOM,100.1,100.0,100.6,99.5,48627391,XOM Inc
2023-12-15,META,227.92,227.69,228.83,226.78,25986546,Meta Platforms
2023-12-27,MSFT,,318.92,320.84,317.32,20170521,MSFT Inc
2023-11-21,AAPL,34.08,34.05,34.26,33.88,72086292,AAPL Inc
2023-07-26,AAPL,104.44,104.33,104.96,103.81,14922192,AAPL Inc
2023-06-21,MSFT,253.86,253.61,255.13,252.34,36251097,MSFT Inc
2023-08-23,AAPL,29.97,29.94,30.12,29.79,182228076,AAPL Inc
2023-05-23,JPM,144.24,144.09,144.96,143.37,43491224,JPM Inc
2023-04-12,AAPL,114.22,114.1,114.79,113.53,31328752,AAPL Inc
2023-04-10,AAPL,110.77,110.66,111.32,110.11,30856919,AAPL Inc
2023-05-25,JPM,149.06,148.91,149.8,148.16,9876872,JPM Inc
2023-03-14,FALN,38.5,38.42,38.88,37.92,6059667,Fallen Corp
2023-08-29,AAPL,28.43,28.4,28.57,28.26,167494304,AAPL Inc
2023-07-03,AAPL,109.93,109.82,110.47,109.27,49477669,AAPL Inc
2023-08-24,AAPL,29.83,29.8,29.98,29.66,46969884,AAPL Inc
2023-11-23,MSFT,373.54,373.16,375.4,371.29,6524102,MSFT Inc
2023-01-06,MSFT,249.0,248.75,250.24,247.5,24655820,MSFT Inc
2023-01-20,JPM,144.09,143.94,144.81,143.22,14714891,JPM Inc
2023-01-30,XOM,107.31,107.2,107.85,106.66,34324003,XOM Inc
2023-04-10,FALN,45.82,45.73,46.28,45.13,6348728,Fallen Corp
2023-01-18,MSFT,241.0,240.76,242.21,239.56,18691164,MSFT Inc
2023-07-26,META,211.88,211.67,212.73,210.82,31945770,Meta Platforms
2023-08-14,MSFT,300.38,300.08,301.88,298.58,28025010,MSFT Inc
2023-05-12,AAPL,111.17,111.06,111.73,110.5,33391011,AAPL Inc
2023-08-14,XOM,110.11,110.0,110.66,109.45,34014857,XOM Inc
2023-10-12,XOM,135.73,135.6,136.41,134.92,17756935,XOM Inc
2023-05-29,FALN,44.18,44.09,44.62,43.51,7674851,Fallen Corp
2023-03-01,AAPL,112.33,112.21,112.89,111.65,14702701,AAPL Inc
2023-03-21,AAPL,107.67,107.57,108.21,107.03,42752003,AAPL Inc
2023-06-01,FALN,43.18,43.1,43.61,42.53,7522952,Fallen Corp
2023-11-30,XOM,158.17,158.01,158.96,157.22,5371616,XOM Inc
2023-02-23,AAPL,109.99,109.88,110.54,109.33,40610155,AAPL Inc
2023-03-07,MSFT,276.31,276.03,277.69,274.65,41992982,MSFT Inc
2023-05-05,JPM,146.64,146.49,147.37,145.76,34461504,JPM Inc
2023-09-13,XOM,128.41,128.28,129.05,127.64,13976766,XOM Inc
2023-07-27,MSFT,292.31,292.01,293.77,290.55,47872208,MSFT Inc
2023-08-22,AAPL,28.85,28.82,28.99,28.67,133367628,AAPL Inc
2023-11-20,XOM,159.93,159.77,160.73,158.97,48391803,XOM Inc
2023-12-20,XOM,151.85,151.7,152.61,150.94,28000970,XOM Inc
2023-09-20,META,240.62,240.38,241.58,239.42,33061941,Meta Platforms
2023-06-20,JPM,170.94,170.77,171.8,169.92,35436427,JPM Inc
2023-05-10,FB,179.81,179.63,180.53,178.91,36572802,Meta Platforms
2023-03-21,MSFT,260.93,260.67,262.24,259.37,21354286,MSFT Inc
2023-03-29,XOM,112.95,112.84,113.51,112.27,34168537,XOM Inc
2023-04-04,FB,158.12,157.96,158.75,157.33,32011475,Meta Platforms
2023-09-22,XOM,123.39,123.27,124.01,122.65,10384935,XOM Inc
2023-04-05,JPM,148.08,147.93,148.82,147.19,5800101,JPM Inc
2023-04-26,JPM,153.85,153.7,154.62,152.93,27479150,JPM Inc
2023-05-16,FB,179.98,179.8,180.7,179.08,30490759,Meta Platforms
2023-05-25,FALN,47.34,47.24,47.81,46.63,2197162,Fallen Corp
2023-09-08,XOM,123.62,123.5,124.24,122.88,26595966,XOM Inc
2023-10-06,XOM,128.74,128.61,129.39,127.97,32434009,XOM Inc
2023-03-30,FALN,47.4,47.31,47.88,46.69,5450252,Fallen Corp
2023-03-28,AAPL,108.55,108.45,109.1,107.9,15617244,AAPL Inc
2023-03-23,FB,153.0,152.85,153.61,152.23,15318331,Meta Platforms
2023-01-24,JPM,139.11,138.97,139.81,138.27,7320688,JPM Inc
2023-12-22,META,260.19,259.93,261.24,258.89,24900526,Meta Platforms
2023-08-11,XOM,113.09,112.97,113.65,112.41,6379904,XOM Inc
2023-12-08,AAPL,34.07,34.04,34.24,33.87,35651768,AAPL Inc
2023-02-06,AAPL,121.0,120.88,121.61,120.28,37859007,AAPL Inc
2023-11-08,AAPL,35.78,35.74,35.96,35.56,103259968,AAPL Inc
2023-05-11,XOM,108.67,108.56,109.21,108.02,47895286,XOM Inc
2023-05-29,AAPL,103.22,103.12,103.74,102.6,34326259,AAPL Inc
2023-08-30,JPM,197.44,197.24,198.43,196.26,49810380,JPM Inc
2023-12-15,MSFT,333.47,333.14,335.14,331.47,8395049,MSFT Inc
2023-07-04,AAPL,110.11,110.0,110.66,109.45,30691654,AAPL Inc
2023-08-28,XOM,109.97,109.86,110.52,109.31,35224818,XOM Inc
2023-04-17,JPM,156.85,156.69,157.64,155.91,47439798,JPM Inc
2023-12-14,MSFT,343.73,343.39,345.45,341.67,34246906,MSFT Inc
2023-06-15,XOM,106.25,106.15,106.78,105.62,15347918,XOM Inc
2023-04-17,AAPL,113.79,113.68,114.36,113.11,5070640,AAPL Inc
2023-02-21,AAPL,117.4,117.28,117.98,116.69,39641312,AAPL Inc
2023-05-18,FB,183.24,183.06,183.97,182.32,23331690,Meta Platforms
2023-03-22,AAPL,107.04,106.93,107.58,106.4,28151417,AAPL Inc
2023-10-03,AAPL,29.84,29.81,29.99,29.66,148382532,AAPL Inc
2023-05-15,FB,176.77,176.59,177.47,175.88,10984156,Meta Platforms
2023-12-28,JPM,293.77,293.47,295.24,292.01,22034897,JPM Inc
2023-09-22,JPM,240.75,240.51,241.95,239.3,44858177,JPM Inc
2023-11-01,MSFT,366.41,366.04,368.24,364.21,26689432,MSFT Inc
2023-05-02,AAPL,111.0,110.89,111.56,110.33,45260456,AAPL Inc
2023-02-28,JPM,147.12,146.97,147.86,146.24,8040267,JPM Inc
2023-04-14,MSFT,239.56,239.32,240.75,238.12,40393865,MSFT Inc
2023-09-12,XOM,124.51,124.38,125.13,123.76,41319763,XOM Inc
2023-11-29,JPM,306.97,306.66,308.5,305.13,41436209,JPM Inc
2023-03-17,XOM,103.59,103.49,104.11,102.97,38251322,XOM Inc
2023-01-25,FB,179.95,179.77,180.67,179.05,30546166,Meta Platforms
2023-04-26,FALN,49.54,49.44,50.03,48.8,5418909,Fallen Corp
2023-01-26,JPM,142.21,142.07,142.92,141.36,14709175,JPM Inc
2023-12-26,JPM,298.99,298.69,300.48,297.19,19160134,JPM Inc
2023-08-10,MSFT,294.93,294.64,296.41,293.16,25073266,MSFT Inc
2023-04-24,FALN,49.95,49.85,50.45,49.2,4834242,Fallen Corp
2023-09-04,META,240.54,240.3,241.5,239.34,17083610,Meta Platforms
2023-05-19,FB,187.3,187.11,188.05,186.36,20625643,Meta Platforms
2023-03-16,JPM,149.3,149.15,150.04,148.4,24205297,JPM Inc
2023-10-19,XOM,139.02,138.88,139.71,138.18,7276787,XOM Inc
2023-03-13,FB,151.3,151.15,151.91,150.55,18987114,Meta Platforms
2023-04-12,MSFT,243.17,242.92,244.38,241.71,29527791,MSFT Inc
2023-11-02,META,252.56,252.31,253.57,251.3,11636675,Meta Platforms
2023-03-17,JPM,148.8,148.65,149.55,147.91,9273445,JPM Inc
2023-03-31,FB,167.05,166.88,167.72,166.21,13948401,Meta Platforms
2023-01-27,FALN,40.19,40.11,40.59,39.58,5385724,Fallen Corp
2023-01-23,FALN,41.71,41.63,42.13,41.08,6775378,Fallen Corp
2023-06-22,FALN,34.6,34.53,34.95,34.09,3179431,Fallen Corp
2023-05-08,FALN,48.96,48.86,49.45,48.22,2752374,Fallen Corp
2023-01-12,AAPL,141.03,140.89,141.74,140.19,44293284,AAPL Inc
2023-06-22,META,214.23,214.02,215.09,213.16,22968805,Meta Platforms
2023-04-05,FB,158.41,158.25,159.04,157.62,35433907,Meta Platforms
2023-11-01,JPM,252.9,252.65,254.17,251.39,30687822,JPM Inc
2023-05-04,FB,182.67,182.48,183.4,181.75,12664749,Meta Platforms
2023-03-10,FALN,37.59,37.51,37.96,37.02,5204955,Fallen Corp
2023-04-14,AAPL,111.9,111.79,112.46,111.23,16552291,AAPL Inc
2023-01-11,XOM,112.81,112.7,113.38,112.14,23020510,XOM Inc
2023-01-04,JPM,145.48,145.34,146.21,144.61,43131465,JPM Inc
2023-04-17,MSFT,249.28,249.03,250.52,247.78,36712006,MSFT Inc
2023-03-10,JPM,153.83,153.67,154.59,152.9,13535078,JPM Inc
2023-04-10,JPM,152.4,152.25,153.16,151.48,27655061,JPM Inc
2023-05-04,AAPL,110.62,110.51,111.17,109.96,18217648,AAPL Inc
2023-08-10,JPM,205.04,204.84,206.07,203.81,16199468,JPM Inc
2023-11-01,AAPL,35.2,35.17,35.38,34.99,116977056,AAPL Inc
2023-10-17,XOM,141.45,141.31,142.16,140.6,5443945,XOM Inc
2023-08-31,AAPL,28.6,28.56,28.74,28.42,177443592,AAPL Inc
2023-10-20,XOM,137.26,137.12,137.95,136.44,46245272,XOM Inc
2023-09-20,XOM,130.98,130.84,131.63,130.19,14967246,XOM Inc
2023-03-24,MSFT,276.16,275.88,277.54,274.5,41249378,MSFT Inc
2023-04-28,FB,171.21,171.04,171.9,170.36,39142589,Meta Platforms
2023-05-12,FB,180.57,180.39,181.29,179.67,29699205,Meta Platforms
2023-01-10,MSFT,257.93,257.67,259.21,256.38,26105074,MSFT Inc
2023-01-10,AAPL,140.11,139.97,140.81,139.27,15970723,AAPL Inc
2023-07-13,AAPL,109.79,109.68,110.34,109.13,18388409,AAPL Inc
2023-08-17,AAPL,110.32,110.21,110.87,109.66,20814828,AAPL Inc
2023-01-20,FB,171.09,170.91,171.77,170.23,30035161,Meta Platforms
2023-04-14,JPM,157.65,157.49,158.44,156.7,47907958,JPM Inc
2023-05-22,FB,192.77,192.58,193.54,191.81,27981136,Meta Platforms
2023-01-18,FALN,41.28,41.2,41.69,40.66,5902444,Fallen Corp
2023-10-06,META,232.19,231.96,233.12,231.03,17873491,Meta Platforms
2023-01-05,JPM,146.95,146.8,147.68,146.06,8257181,JPM Inc
2023-04-18,FALN,48.99,48.89,49.48,48.25,4207796,Fallen Corp
2023-02-20,XOM,107.47,107.37,108.01,106.83,32391022,XOM Inc
2023-03-23,JPM,143.44,143.3,144.16,142.58,11681935,JPM Inc
2023-09-20,JPM,243.53,243.28,244.74,242.06,17056199,JPM Inc
2023-01-27,AAPL,122.12,122.0,122.73,121.39,32814927,AAPL Inc
2023-06-16,JPM,170.81,170.64,171.67,169.79,6100500,JPM Inc
2023-09-14,JPM,222.55,222.33,223.66,221.21,38203868,JPM Inc
2023-05-22,JPM,145.95,145.8,146.68,145.07,7825896,JPM Inc
2023-08-28,META,228.84,228.61,229.75,227.69,35826151,Meta Platforms
2023-11-22,JPM,309.85,309.54,311.4,307.99,13002619,JPM Inc
2023-07-12,AAPL,107.99,107.88,108.53,107.34,10462810,AAPL Inc
2023-02-22,JPM,145.93,145.78,146.66,145.05,46055392,JPM Inc
2023-01-12,FB,154.7,154.54,155.31,153.92,29975372,Meta Platforms
2023-07-13,XOM,95.65,95.55,96.13,95.08,29723448,XOM Inc
2023-11-16,META,256.34,256.08,257.36,255.06,35589001,Meta Platforms
2023-03-20,XOM,108.92,108.81,109.46,108.27,12948140,XOM Inc
2023-06-01,MSFT,266.3,266.03,267.63,264.7,14944790,MSFT Inc
2023-12-13,META,230.52,230.29,231.44,229.37,35881163,Meta Platforms
2023-04-14,FALN,47.22,47.13,47.7,46.52,5975045,Fallen Corp
2023-04-05,MSFT,263.3,263.04,264.62,261.72,33168643,MSFT Inc
2023-03-22,MSFT,269.89,269.62,271.24,268.27,13860935,MSFT Inc
2023-03-23,FALN,39.78,39.7,40.18,39.18,3593726,Fallen Corp
2023-02-07,FALN,43.32,43.23,43.75,42.67,4900379,Fallen Corp
2023-01-12,JPM,151.89,151.73,152.65,150.98,20686144,JPM Inc
2023-01-10,JPM,155.76,155.61,156.54,154.83,46916167,JPM Inc
2023-05-03,AAPL,111.77,111.65,112.33,111.1,16720477,AAPL Inc
2023-11-03,MSFT,,361.26,363.43,359.45,15563214,MSFT Inc
2023-04-20,MSFT,,243.06,244.52,241.85,23803796,MSFT Inc
2023-09-07,JPM,202.02,201.82,203.03,200.81,39259907,JPM Inc
2023-07-27,AAPL,105.56,105.46,106.09,104.93,46869822,AAPL Inc
2023-06-26,FALN,32.62,32.55,32.95,32.13,1719407,Fallen Corp
2023-08-10,META,214.93,214.71,215.79,213.85,15265481,Meta Platforms
2023-02-09,AAPL,117.82,117.7,118.41,117.12,27734731,AAPL Inc
2023-12-12,AAPL,33.54,33.51,33.71,33.34,49875240,AAPL Inc
2023-05-29,MSFT,244.61,244.37,245.83,243.14,18126263,MSFT Inc
2023-12-11,XOM,158.41,158.25,159.2,157.46,17126467,XOM Inc
2023-03-07,FALN,39.95,39.87,40.35,39.35,3384291,Fallen Corp
2023-10-05,AAPL,29.98,29.96,30.14,29.8,95568032,AAPL Inc
2023-08-09,META,212.49,212.28,213.34,211.43,28428040,Meta Platforms
2023-04-10,XOM,111.83,111.72,112.39,111.16,15636547,XOM Inc
2023-07-21,MSFT,314.37,314.05,315.94,312.48,42738488,MSFT Inc
2023-10-26,JPM,237.62,237.38,238.81,236.2,33728437,JPM Inc
2023-11-09,MSFT,373.08,372.7,374.94,370.84,33172140,MSFT Inc
2023-08-10,AAPL,108.39,108.29,108.94,107.74,15080346,AAPL Inc
2023-03-20,MSFT,264.81,264.54,266.13,263.22,47290779,MSFT Inc
2023-12-26,AAPL,36.15,36.12,36.33,35.94,167222920,AAPL Inc
2023-01-11,AAPL,142.32,142.18,143.03,141.47,10698848,AAPL Inc
2023-11-15,META,252.91,252.65,253.92,251.64,27530710,Meta Platforms
2023-06-23,MSFT,258.62,258.36,259.91,257.07,47723356,MSFT Inc
2023-09-06,AAPL,30.14,30.11,30.29,29.96,184890592,AAPL Inc
2023-03-28,FB,158.34,158.18,158.97,157.55,20736301,Meta Platforms
2023-03-17,MSFT,261.77,261.51,260.2,263.08,33645954,MSFT Inc
2023-05-17,MSFT,261.13,260.87,262.44,259.57,27214365,MSFT Inc
2023-02-23,MSFT,279.55,279.27,280.95,277.87,46924694,MSFT Inc
2023-10-02,MSFT,327.8,327.47,325.84,329.44,15912996,MSFT Inc
2023-02-02,JPM,143.45,143.31,144.17,142.59,43209230,JPM Inc
2023-07-26,JPM,186.37,186.19,187.3,185.25,27315019,JPM Inc
2023-08-16,META,212.3,212.08,213.15,211.24,28550271,Meta Platforms
2023-04-26,XOM,114.52,114.41,115.1,113.84,10905950,XOM Inc
2023-01-11,JPM,155.2,155.04,155.98,154.27,38371818,JPM Inc
2023-02-17,FB,158.81,158.65,159.45,158.02,33408056,Meta Platforms
2023-08-11,AAPL,109.86,109.75,110.41,109.2,5448345,AAPL Inc
2023-02-23,FALN,43.39,43.3,43.82,42.74,3164563,Fallen Corp
2023-05-22,MSFT,253.63,253.38,254.9,252.11,8266402,MSFT Inc
2023-05-17,FB,182.9,182.71,183.63,181.98,36029483,Meta Platforms
2023-10-11,AAPL,30.54,30.51,30.7,30.36,181921236,AAPL Inc
2023-06-02,FB,204.54,204.33,205.36,203.51,26003651,Meta Platforms
2023-03-01,XOM,114.02,113.91,114.59,113.34,46422223,XOM Inc
2023-06-07,AAPL,104.18,104.08,104.7,103.56,40940920,AAPL Inc
2023-02-28,XOM,113.55,113.43,114.12,112.87,45253576,XOM Inc
2023-03-08,MSFT,273.08,272.81,274.45,271.44,5076218,MSFT Inc
2023-07-10,META,205.36,205.15,206.18,204.33,22879120,Meta Platforms
2023-08-16,MSFT,307.94,307.63,309.48,306.09,43457098,MSFT Inc
2023-05-15,FALN,47.88,47.79,48.36,47.17,1208944,Fallen Corp
2023-02-10,FALN,44.81,44.72,45.25,44.13,7722055,Fallen Corp
2023-05-09,XOM,109.94,109.83,110.49,109.28,26636437,XOM Inc
2023-10-06,MSFT,333.11,332.78,334.77,331.11,27564965,MSFT Inc
2023-11-15,XOM,154.51,154.36,155.29,153.59,12640167,XOM Inc
2023-09-11,META,241.93,241.69,242.9,240.72,28583900,Meta Platforms
2023-11-01,META,251.91,251.66,252.92,250.65,16620241,Meta Platforms
2023-04-04,XOM,114.15,114.04,114.72,113.47,26740617,XOM Inc
2023-09-22,MSFT,317.68,317.36,319.27,315.77,33104320,MSFT Inc
2023-08-18,JPM,203.46,203.25,204.47,202.24,34419310,JPM Inc
2023-09-06,JPM,208.25,208.04,209.29,207.0,11428540,JPM Inc
2023-06-12,FALN,35.67,35.59,36.02,35.13,1673218,Fallen Corp
2023-04-24,AAPL,108.78,108.67,109.32,108.12,35575984,AAPL Inc
2023-05-03,FB,177.99,177.81,178.7,177.1,38088529,Meta Platforms
2023-12-19,XOM,156.51,156.35,157.29,155.57,33898827,XOM Inc
2023-10-30,AAPL,35.9,35.87,36.08,35.69,25376108,AAPL Inc
2023-05-23,XOM,115.49,115.37,116.06,114.79,15797637,XOM Inc
2023-02-13,AAPL,115.81,115.69,116.38,115.11,20033888,AAPL Inc
2023-12-06,AAPL,34.28,34.24,34.45,34.08,45140352,AAPL Inc
2023-06-27,XOM,99.59,99.49,100.09,98.99,28119273,XOM Inc
2023-06-26,JPM,177.71,177.53,178.59,176.64,39218900,JPM Inc
2023-09-12,JPM,213.36,213.15,214.43,212.08,20560243,JPM Inc
2023-10-20,AAPL,33.24,33.21,33.41,33.04,63495212,AAPL Inc
2023-12-05,META,248.21,247.97,249.21,246.97,11760511,Meta Platforms
2023-09-04,MSFT,338.19,337.85,339.88,336.16,23409209,MSFT Inc
2023-11-06,XOM,154.43,154.28,155.2,153.5,46156180,XOM Inc
2023-09-06,META,243.24,243.0,244.22,242.03,39321828,Meta Platforms
2023-05-01,FALN,50.67,50.57,51.18,49.91,1684029,Fallen Corp
2023-07-19,META,200.11,199.91,200.91,199.11,21422057,Meta Platforms
2023-08-31,JPM,193.67,193.48,194.64,192.51,38812949,JPM Inc
2023-02-14,JPM,144.64,144.5,145.37,143.78,25709657,JPM Inc
2023-02-03,JPM,145.42,145.28,146.15,144.55,16666027,JPM Inc
2023-10-09,XOM,128.14,128.01,128.78,127.37,29217665,XOM Inc
2023-09-21,XOM,128.31,128.18,128.95,127.54,12543159,XOM Inc
2023-05-24,XOM,114.63,114.51,115.2,113.94,17310059,XOM Inc
2023-06-23,META,212.27,212.06,213.12,211.21,32143861,Meta Platforms
2023-07-20,MSFT,301.55,301.25,303.05,299.74,39780908,MSFT Inc
2023-12-18,META,236.21,235.97,237.15,235.03,15351826,Meta Platforms
2023-05-24,MSFT,,237.01,238.43,235.82,25886096,MSFT Inc
2023-01-17,MSFT,245.17,244.93,246.4,243.7,13652831,MSFT Inc
2023-10-17,MSFT,354.14,353.79,355.92,352.02,41532022,MSFT Inc
2023-06-08,FB,213.02,212.81,213.88,211.96,11821367,Meta Platforms
2023-03-16,FB,158.03,157.87,158.66,157.24,18945326,Meta Platforms
2023-01-25,MSFT,240.07,239.83,241.27,238.63,15055079,MSFT Inc
2023-06-06,FB,208.6,208.39,209.43,207.55,35978107,Meta Platforms
2023-10-02,META,229.64,229.41,230.55,228.49,23724252,Meta Platforms
2023-05-31,XOM,119.39,119.27,119.99,118.68,5658003,XOM Inc
2023-10-18,XOM,137.87,137.73,138.56,137.04,11310114,XOM Inc
2023-07-03,XOM,99.79,99.69,100.29,99.19,33046417,XOM Inc
2023-04-07,FALN,44.78,44.69,45.23,44.11,3161352,Fallen Corp
2023-09-13,MSFT,320.09,319.77,321.69,318.17,18283692,MSFT Inc
2023-02-24,MSFT,269.29,269.02,270.64,267.68,48728950,MSFT Inc
2023-05-03,XOM,116.58,116.46,117.16,115.88,32736989,XOM Inc
2023-06-12,MSFT,267.14,266.88,268.48,265.54,36404552,MSFT Inc
2023-05-02,FALN,50.47,50.37,50.98,49.72,6337355,Fallen Corp
2023-02-24,FALN,42.64,42.55,43.06,42.0,5479825,Fallen Corp
2023-05-17,XOM,117.92,117.81,118.51,117.22,32164495,XOM Inc
2023-07-04,XOM,97.97,97.87,98.46,97.38,23640452,XOM Inc
2023-10-25,MSFT,375.4,375.02,377.27,373.14,43808656,MSFT Inc
2023-04-25,FB,169.61,169.44,170.29,168.76,35455044,Meta Platforms
2023-03-02,JPM,145.23,145.08,145.95,144.36,34008147,JPM Inc
2023-07-07,META,208.18,207.97,209.01,207.14,36635617,Meta Platforms
2023-11-27,JPM,306.42,306.12,307.96,304.58,43993865,JPM Inc
2023-06-29,MSFT,270.15,269.88,271.5,268.53,48309893,MSFT Inc
2023-02-01,AAPL,125.47,125.34,126.1,124.72,12706358,AAPL Inc
2023-05-09,FALN,48.7,48.6,49.18,47.97,5415276,Fallen Corp
2023-06-23,AAPL,112.66,112.55,113.23,111.99,15164811,AAPL Inc
2023-08-17,MSFT,310.97,310.66,312.53,309.11,36970599,MSFT Inc
2023-06-20,META,215.73,215.52,216.6,214.66,28126806,Meta Platforms
2023-10-23,MSFT,362.64,362.27,364.45,360.46,41045138,MSFT Inc
2023-10-17,JPM,245.63,245.39,246.86,244.16,44159558,JPM Inc
2023-08-30,XOM,112.66,112.55,113.22,111.98,45104523,XOM Inc
2023-01-20,XOM,105.2,105.09,105.72,104.56,24567589,XOM Inc
2023-07-19,AAPL,107.09,106.99,107.63,106.45,14726290,AAPL Inc
2023-03-13,AAPL,106.04,105.94,106.57,105.41,49653148,AAPL Inc
2023-08-30,META,234.63,234.39,235.57,233.45,39511222,Meta Platforms
2023-10-10,XOM,132.37,132.23,133.03,131.57,16616152,XOM Inc
2023-05-29,JPM,153.15,153.0,153.91,152.23,36935646,JPM Inc
2023-01-17,FALN,40.46,40.38,40.86,39.85,6557805,Fallen Corp
2023-04-25,AAPL,109.59,109.48,110.14,108.93,39229942,AAPL Inc
2023-09-21,JPM,240.79,240.55,241.99,239.35,9117923,JPM Inc
2023-11-08,MSFT,361.48,361.11,363.28,359.31,25275688,MSFT Inc
2023-03-28,MSFT,278.71,278.43,280.1,277.03,23699351,MSFT Inc
2023-02-13,FB,152.45,152.3,153.06,151.69,39537369,Meta Platforms
2023-12-05,XOM,161.34,161.18,162.14,160.37,23546183,XOM Inc
2023-10-05,META,236.02,235.79,236.97,234.84,21300674,Meta Platforms
2023-04-04,AAPL,108.27,108.16,108.81,107.62,9711075,AAPL Inc
2023-04-03,XOM,114.52,114.41,115.09,113.83,29774704,XOM Inc
2023-05-24,FB,195.92,195.73,196.7,194.94,21999562,Meta Platforms
2023-01-10,XOM,115.09,114.98,115.67,114.4,41059026,XOM Inc
2023-02-14,AAPL,120.21,120.09,120.81,119.49,27024096,AAPL Inc
2023-08-09,MSFT,293.76,293.47,295.23,292.0,20713642,MSFT Inc
2023-06-13,JPM,169.14,168.97,169.99,168.13,7887296,JPM Inc
2023-12-29,XOM,173.08,172.9,173.94,172.04,46682179,XOM Inc
2023-03-31,AAPL,105.46,105.36,105.99,104.83,33372244,AAPL Inc
2023-07-14,AAPL,107.15,107.05,107.69,106.51,30683137,AAPL Inc
2023-10-11,META,222.73,222.51,223.63,221.62,15875293,Meta Platforms
2023-06-08,FALN,40.33,40.25,40.74,39.73,7465377,Fallen Corp
2023-04-19,AAPL,113.38,113.26,113.94,112.7,38249942,AAPL Inc
2023-11-21,MSFT,369.76,369.39,371.61,367.54,24156053,MSFT Inc
2023-02-22,FALN,41.61,41.53,42.03,40.99,2201838,Fallen Corp
2023-03-17,FALN,37.36,37.28,37.73,36.8,4301106,Fallen Corp
2023-01-18,JPM,147.88,147.73,148.62,146.99,13705956,JPM Inc
2023-04-03,AAPL,108.39,108.29,108.94,107.74,8369720,AAPL Inc
2023-06-30,META,219.54,219.32,220.42,218.44,15440107,Meta Platforms
2023-02-17,FALN,44.7,44.61,45.15,44.03,7281646,Fallen Corp
2023-02-22,FB,149.7,149.55,150.3,148.95,10308617,Meta Platforms
2023-02-21,MSFT,278.73,278.45,280.12,277.06,15669435,MSFT Inc
2023-04-11,JPM,157.82,157.66,158.6,156.87,27791342,JPM Inc
2023-08-11,MSFT,297.11,296.81,298.6,295.33,45381731,MSFT Inc
2023-12-20,JPM,304.25,303.95,305.78,302.43,8119612,JPM Inc
2023-09-07,MSFT,333.17,332.84,334.84,331.17,10703394,MSFT Inc
2023-01-03,MSFT,238.87,238.63,240.07,237.44,14427504,MSFT Inc
2023-10-20,JPM,235.32,235.09,236.5,233.91,40009897,JPM Inc
2023-08-15,META,209.25,209.04,210.09,208.21,18527835,Meta Platforms
2023-01-31,MSFT,247.94,247.69,249.18,246.45,5703662,MSFT Inc
2023-06-01,JPM,160.18,160.02,160.98,159.22,47462817,JPM Inc
2023-06-28,META,209.89,209.68,210.73,208.84,37391365,Meta Platforms
2023-04-18,FB,170.01,169.84,170.69,169.16,24069473,Meta Platforms
2023-11-09,META,252.78,252.53,253.79,251.52,20117273,Meta Platforms
2023-09-21,AAPL,31.27,31.24,31.43,31.08,195000760,AAPL Inc
2023-06-14,FALN,37.47,37.4,37.85,36.91,1603291,Fallen Corp
2023-12-19,AAPL,34.39,34.36,34.56,34.19,37853672,AAPL Inc
2023-03-30,JPM,137.55,137.41,138.23,136.72,8646804,JPM Inc
2023-04-27,FALN,51.55,51.45,52.07,50.78,7494503,Fallen Corp
2023-07-04,META,220.06,219.84,220.94,218.96,33880476,Meta Platforms
2023-06-22,XOM,98.15,98.05,98.64,97.56,17834263,XOM Inc
2023-12-22,MSFT,326.0,325.67,327.63,324.04,27858903,MSFT Inc
2023-03-27,FB,155.9,155.75,156.53,155.12,29741160,Meta Platforms
2023-05-16,XOM,114.42,114.31,115.0,113.74,31133385,XOM Inc
2023-09-26,JPM,234.07,233.83,235.24,232.66,39253388,JPM Inc
2023-11-15,MSFT,381.56,381.18,383.47,379.27,19488262,MSFT Inc
2023-07-27,JPM,181.55,181.37,182.45,180.46,40935364,JPM Inc
2023-03-16,FALN,37.89,37.82,38.27,37.32,1437625,Fallen Corp
2023-01-19,MSFT,237.86,237.62,239.05,236.44,27761900,MSFT Inc
2023-08-28,JPM,190.7,190.51,191.65,189.55,26794866,JPM Inc
2023-12-26,META,271.14,270.87,272.23,269.79,14913478,Meta Platforms
2023-10-24,XOM,137.5,137.36,138.19,136.68,28278769,XOM Inc
2023-06-27,META,210.13,209.92,210.97,209.08,29822745,Meta Platforms
2023-09-21,MSFT,317.79,317.47,319.38,315.88,45539152,MSFT Inc
2023-08-01,MSFT,287.73,287.44,289.17,286.0,19142073,MSFT Inc
2023-10-05,MSFT,339.38,339.04,341.08,337.34,33003805,MSFT Inc
2023-06-13,MSFT,256.34,256.08,257.62,254.8,49599847,MSFT Inc
2023-05-02,FB,182.15,181.96,182.88,181.24,23064637,Meta Platforms
2023-08-02,JPM,195.45,195.25,196.43,194.28,39125539,JPM Inc
2023-01-31,FB,164.66,164.5,165.32,163.84,33278001,Meta Platforms
2023-07-28,AAPL,106.22,106.12,106.76,105.59,11200646,AAPL Inc
2023-04-18,XOM,120.72,120.6,121.32,119.99,16416757,XOM Inc
2023-12-04,XOM,159.94,159.78,160.74,158.98,14163766,XOM Inc
2023-11-02,JPM,269.19,268.92,270.53,267.57,11897673,JPM Inc
2023-11-02,AAPL,34.88,34.84,35.05,34.67,190937228,AAPL Inc
2023-12-01,AAPL,34.52,34.49,34.7,34.32,100966632,AAPL Inc
2023-01-19,FB,165.93,165.76,166.59,165.1,27539587,Meta Platforms
2023-10-23,JPM,233.81,233.58,234.98,232.41,17581422,JPM Inc
2023-09-27,AAPL,30.76,30.72,30.91,30.57,71370636,AAPL Inc
2023-11-27,XOM,160.91,160.75,161.72,159.95,21001900,XOM Inc
2023-09-26,AAPL,30.62,30.58,30.77,30.43,167571496,AAPL Inc
2023-04-25,XOM,115.89,115.78,116.47,115.2,40266104,XOM Inc
2023-05-30,XOM,116.55,116.43,117.13,115.85,15151607,XOM Inc
2023-06-05,XOM,112.34,112.23,112.9,111.67,14322004,XOM Inc
2023-06-29,JPM,173.14,172.97,174.01,172.1,16748768,JPM Inc
2023-05-19,MSFT,257.14,256.89,258.43,255.6,12271476,MSFT Inc
2023-05-29,XOM,115.5,115.38,116.08,114.81,45113379,XOM Inc
2023-11-13,META,251.45,251.2,252.46,250.19,34147347,Meta Platforms
2023-01-24,AAPL,127.01,126.88,127.64,126.24,39907127,AAPL Inc
2023-04-13,MSFT,238.9,238.66,240.09,237.47,42795793,MSFT Inc
2023-11-07,META,256.83,256.57,257.86,255.54,26316160,Meta Platforms
2023-03-29,JPM,139.25,139.11,139.95,138.41,9990961,JPM Inc
2023-10-03,META,229.37,229.14,230.29,228.22,31418310,Meta Platforms
2023-01-19,FALN,40.5,40.42,40.91,39.9,1192512,Fallen Corp
2023-03-31,XOM,112.24,112.12,112.8,111.56,41970303,XOM Inc
2023-06-02,JPM,159.69,159.53,160.49,158.73,21320131,JPM Inc
2023-08-22,META,217.09,216.88,217.96,216.01,16662314,Meta Platforms
2023-03-30,MSFT,279.36,279.08,280.76,277.68,45576287,MSFT Inc
2023-03-10,XOM,112.49,112.38,113.05,111.81,20341821,XOM Inc
2023-01-10,FB,160.65,160.49,161.29,159.85,28967137,Meta Platforms
2023-06-09,JPM,164.86,164.7,165.69,163.88,45912236,JPM Inc
2023-09-19,XOM,133.15,133.02,133.82,132.35,21152789,XOM Inc
2023-05-11,FALN,46.43,46.34,46.9,45.73,4308505,Fallen Corp
2023-01-05,XOM,117.7,117.58,118.29,116.99,24726497,XOM Inc
2023-01-09,FB,161.1,160.94,161.74,160.29,17184872,Meta Platforms
2023-10-16,XOM,140.9,140.76,141.6,140.05,37005216,XOM Inc
2023-09-06,MSFT,341.24,340.89,342.94,339.19,29755666,MSFT Inc
2023-06-16,AAPL,111.44,111.33,112.0,110.78,22310852,AAPL Inc
2023-04-24,FB,168.93,168.76,169.6,168.08,15895725,Meta Platforms
2023-04-25,FALN,49.11,49.02,49.61,48.38,4282831,Fallen Corp
2023-01-23,XOM,107.0,106.89,107.53,106.35,33849268,XOM Inc
2023-04-25,MSFT,241.41,241.17,242.62,239.96,26116451,MSFT Inc
2023-02-27,XOM,112.62,112.51,113.19,111.95,29100710,XOM Inc
2023-01-04,AAPL,132.76,132.63,133.43,131.97,22541337,AAPL Inc
2023-11-17,AAPL,34.42,34.38,34.59,34.21,100353460,AAPL Inc
2023-05-19,FALN,49.91,49.81,50.41,49.16,2361303,Fallen Corp
2023-10-31,META,251.06,250.81,252.06,249.8,25155892,Meta Platforms
2023-04-18,AAPL,114.02,113.91,114.59,113.34,15389599,AAPL Inc
2023-08-14,META,215.73,215.51,216.59,214.65,33479908,Meta Platforms
2023-06-21,FALN,36.21,36.13,36.57,35.66,6228566,Fallen Corp
2023-06-06,MSFT,268.95,268.68,270.3,267.34,19338768,MSFT Inc
2023-09-11,AAPL,32.08,32.05,32.24,31.89,101884768,AAPL Inc
2023-08-08,META,205.91,205.7,206.73,204.88,16450219,Meta Platforms
2023-03-22,JPM,143.04,142.9,143.76,142.18,17529971,JPM Inc
2023-11-08,XOM,159.78,159.62,160.57,158.82,13803208,XOM Inc
2023-01-26,FALN,40.83,40.74,41.23,40.21,6845447,Fallen Corp
2023-04-21,FB,166.39,166.22,167.05,165.56,26143481,Meta Platforms
2023-04-06,FB,157.31,157.16,157.94,156.53,25841640,Meta Platforms
2023-03-24,FB,154.44,154.29,155.06,153.67,35518238,Meta Platforms
2023-06-05,FALN,40.27,40.19,40.67,39.66,2779685,Fallen Corp
2023-04-07,JPM,151.87,151.72,152.63,150.96,48902446,JPM Inc
2023-06-06,XOM,114.49,114.38,115.07,113.81,10028035,XOM Inc
2023-02-28,FALN,42.6,42.51,43.02,41.96,6181377,Fallen Corp
2023-01-16,XOM,108.84,108.73,109.38,108.18,40969234,XOM Inc
2023-06-29,META,214.12,213.9,214.97,213.05,21199747,Meta Platforms
2023-03-14,MSFT,267.74,267.48,269.08,266.14,49489781,MSFT Inc
2023-06-09,FALN,37.33,37.25,37.7,36.77,7129439,Fallen Corp
2023-02-28,MSFT,278.3,278.02,279.69,276.63,16484508,MSFT Inc
2023-10-18,JPM,243.39,243.14,244.6,241.93,18952821,JPM Inc
2023-09-01,JPM,195.1,194.9,196.07,193.93,35315282,JPM Inc
2023-02-22,XOM,104.55,104.45,105.07,103.92,20697605,XOM Inc
2023-02-22,AAPL,112.92,112.8,113.48,112.24,20287338,AAPL Inc
2023-05-11,MSFT,254.54,254.29,255.82,253.02,15864147,MSFT Inc
2023-08-02,META,218.14,217.92,219.01,217.05,34767217,Meta Platforms
2023-10-06,JPM,259.55,259.29,260.85,258.0,45967052,JPM Inc
2023-11-28,AAPL,34.24,34.2,34.41,34.03,99429668,AAPL Inc
2023-02-14,FB,152.79,152.64,153.4,152.02,12235883,Meta Platforms
2023-10-27,JPM,239.52,239.28,240.72,238.09,44541461,JPM Inc
2023-02-06,FB,163.3,163.14,163.95,162.48,32731291,Meta Platforms
2023-07-26,XOM,102.09,101.99,102.6,101.48,42192252,XOM Inc
2023-12-01,MSFT,358.91,358.55,360.7,356.75,30370439,MSFT Inc
2023-01-26,FB,173.76,173.58,174.45,172.89,26920196,Meta Platforms
2023-02-16,JPM,147.77,147.62,148.51,146.88,30560098,JPM Inc
2023-03-20,AAPL,109.46,109.35,110.01,108.81,7597480,AAPL Inc
2023-03-01,MSFT,285.21,284.93,286.64,283.5,12449607,MSFT Inc
2023-01-27,XOM,103.75,103.64,104.27,103.12,16592111,XOM Inc
2023-02-07,MSFT,243.81,243.57,245.03,242.35,44648899,MSFT Inc
2023-03-24,FALN,42.23,42.14,42.65,41.6,7721308,Fallen Corp
2023-11-03,AAPL,34.94,34.91,35.12,34.74,51537916,AAPL Inc
2023-06-26,XOM,99.32,99.22,99.82,98.73,17124052,XOM Inc
2023-02-03,FB,159.79,159.63,160.43,158.99,38372767,Meta Platforms
2023-06-28,MSFT,268.53,268.26,269.87,266.91,16878474,MSFT Inc
2023-03-03,MSFT,285.29,285.01,286.72,283.58,18839094,MSFT Inc
2023-07-03,MSFT,287.17,286.88,288.6,285.44,40974996,MSFT Inc
2023-03-15,FALN,37.99,37.91,38.37,37.42,3985696,Fallen Corp
2023-05-10,MSFT,255.62,255.37,256.9,254.09,15473867,MSFT Inc
2023-09-28,AAPL,30.01,29.98,30.16,29.83,139903112,AAPL Inc
2023-11-27,AAPL,35.64,35.6,35.82,35.42,89409976,AAPL Inc
2023-03-15,FB,155.31,155.15,155.93,154.53,16194224,Meta Platforms
2023-09-08,JPM,205.59,205.39,206.62,204.36,34105135,JPM Inc
2023-11-06,MSFT,359.79,359.43,361.59,357.63,29374842,MSFT Inc
2023-03-08,JPM,149.68,149.53,150.43,148.78,23673436,JPM Inc
2023-06-13,AAPL,109.74,109.63,110.29,109.08,28614649,AAPL Inc
2023-05-26,FALN,46.37,46.28,46.83,45.67,2046161,Fallen Corp
2023-07-13,JPM,190.91,190.72,191.86,189.76,6912584,JPM Inc
2023-02-21,FB,151.69,151.54,152.3,150.94,24793752,Meta Platforms
2023-08-18,META,220.28,220.06,221.16,219.18,19080745,Meta Platforms
2023-12-06,JPM,287.94,287.65,289.38,286.21,22789600,JPM Inc
2023-09-15,MSFT,299.24,298.94,300.73,297.44,27708377,MSFT Inc
2023-05-30,FB,207.57,207.36,208.4,206.53,15296990,Meta Platforms
2023-06-19,AAPL,113.26,113.14,113.82,112.58,16426978,AAPL Inc
2023-04-05,FALN,45.63,45.54,46.09,44.95,1856626,Fallen Corp
2023-04-03,FB,160.23,160.07,160.87,159.43,10124932,Meta Platforms
2023-03-02,FALN,43.76,43.67,44.19,43.1,5408285,Fallen Corp
2023-03-29,AAPL,106.21,106.1,106.74,105.57,39086263,AAPL Inc
2023-11-16,JPM,307.5,307.19,309.04,305.66,27271555,JPM Inc
2023-10-11,XOM,133.71,133.58,134.38,132.91,6726199,XOM Inc
2023-09-28,MSFT,329.25,328.92,330.9,327.28,33160024,MSFT Inc
2023-08-01,XOM,110.52,110.4,111.07,109.85,49882342,XOM Inc
2023-12-25,MSFT,316.55,316.24,318.14,314.65,47942594,MSFT Inc
2023-03-13,JPM,160.91,160.75,161.71,159.94,11935774,JPM Inc
2023-11-09,AAPL,34.65,34.62,34.83,34.44,105155792,AAPL Inc
2023-02-02,FALN,40.48,40.4,40.89,39.88,4348924,Fallen Corp
2023-05-15,JPM,144.91,144.77,145.64,144.05,18045697,JPM Inc
2023-04-06,XOM,113.72,113.61,114.29,113.04,41421189,XOM Inc
2023-11-07,AAPL,35.28,35.24,35.46,35.07,38312952,AAPL Inc
2023-10-30,XOM,146.97,146.82,147.71,146.09,7755063,XOM Inc
2023-12-26,MSFT,316.41,316.1,318.0,314.52,42747492,MSFT Inc
2023-10-16,MSFT,344.16,343.82,345.89,342.1,18143608,MSFT Inc
2023-03-15,AAPL,103.88,103.77,104.4,103.25,46827273,AAPL Inc
2023-07-28,META,224.53,224.31,225.43,223.41,10424528,Meta Platforms
2023-11-13,MSFT,387.59,387.2,389.52,385.26,15523401,MSFT Inc
2023-05-22,XOM,116.15,116.04,116.73,115.45,9464344,XOM Inc
2023-10-09,META,230.93,230.7,231.86,229.78,30547987,Meta Platforms
2023-03-02,XOM,113.35,113.24,113.92,112.67,18099507,XOM Inc
2023-06-27,MSFT,265.42,265.15,266.75,263.83,33700374,MSFT Inc
2023-08-07,AAPL,105.84,105.73,106.37,105.2,28088542,AAPL Inc
2023-01-05,FB,162.88,162.72,163.54,162.07,14371047,Meta Platforms
2023-04-24,JPM,153.35,153.19,154.11,152.43,16820569,JPM Inc
2023-06-02,FALN,43.49,43.4,43.93,42.84,7983604,Fallen Corp
2023-12-14,AAPL,34.32,34.28,34.49,34.12,121204216,AAPL Inc
2023-12-12,JPM,298.93,298.63,300.43,297.14,39418095,JPM Inc
2023-05-15,XOM,114.88,114.77,115.45,114.19,30239821,XOM Inc
2023-04-24,XOM,116.57,116.45,117.15,115.87,49470459,XOM Inc
2023-01-31,FALN,40.86,40.78,41.27,40.25,2549420,Fallen Corp
2023-09-12,MSFT,318.45,318.13,320.04,316.53,14068026,MSFT Inc
2023-07-13,META,205.09,204.88,205.91,204.06,13201473,Meta Platforms
2023-08-03,META,213.74,213.52,214.59,212.67,35778005,Meta Platforms
2023-02-01,JPM,144.71,144.57,145.44,143.84,25792686,JPM Inc
2023-01-26,XOM,106.26,106.15,106.79,105.62,25064274,XOM Inc
2023-09-05,XOM,117.61,117.49,118.2,116.9,31263177,XOM Inc
2023-09-19,JPM,241.2,240.96,242.41,239.76,38978658,JPM Inc
2023-06-14,AAPL,107.24,107.13,107.77,106.59,16398366,AAPL Inc
2023-01-16,FALN,39.24,39.17,39.64,38.66,3704716,Fallen Corp
2023-06-05,JPM,158.31,158.15,159.1,157.36,7887698,JPM Inc
2023-07-31,AAPL,106.79,106.68,107.32,106.15,11983896,AAPL Inc
2023-10-17,AAPL,30.12,30.1,30.28,29.94,174693416,AAPL Inc
2023-02-14,MSFT,266.37,266.11,267.7,264.77,18942402,MSFT Inc
2023-05-08,FB,184.78,184.59,185.52,183.85,33506142,Meta Platforms
2023-06-20,MSFT,252.9,252.65,254.17,251.38,5116739,MSFT Inc
2023-03-03,XOM,113.69,113.57,114.26,113.01,17285500,XOM Inc
2023-08-29,JPM,194.9,194.71,195.88,193.73,46464131,JPM Inc
2023-12-20,META,248.11,247.87,249.11,246.87,16390459,Meta Platforms
2023-10-09,AAPL,29.54,29.51,29.68,29.36,44327800,AAPL Inc
2023-04-18,JPM,153.27,153.12,154.04,152.35,35555353,JPM Inc
2023-06-21,XOM,97.76,97.66,98.25,97.18,49106899,XOM Inc
2023-03-06,FB,151.02,150.87,151.62,150.26,23495655,Meta Platforms
2023-04-21,XOM,119.04,118.92,119.64,118.33,32270507,XOM Inc
2023-10-04,META,234.6,234.36,235.53,233.42,29484400,Meta Platforms
2023-12-29,META,268.24,267.97,269.31,266.89,20755716,Meta Platforms
2023-02-10,XOM,104.77,104.66,105.29,104.14,10532410,XOM Inc
2023-11-23,META,259.57,259.31,260.61,258.27,30481913,Meta Platforms
2023-12-15,XOM,166.68,166.52,167.52,165.68,36853087,XOM Inc
2023-01-25,XOM,103.65,103.54,104.17,103.03,12061183,XOM Inc
2023-12-22,JPM,294.19,293.89,295.66,292.42,19648065,JPM Inc
2023-09-18,XOM,134.09,133.95,134.76,133.28,22642355,XOM Inc
2023-02-28,FB,155.93,155.77,156.55,155.15,37220234,Meta Platforms
2023-02-23,XOM,107.15,107.04,107.69,106.51,33997166,XOM Inc
2023-06-06,FALN,38.38,38.3,38.76,37.8,2897501,Fallen Corp
2023-12-11,MSFT,,333.55,335.55,331.88,8433382,MSFT Inc
2023-06-13,XOM,105.8,105.7,106.33,105.17,40646533,XOM Inc
2023-05-04,MSFT,254.59,254.33,255.86,253.06,45473321,MSFT Inc
2023-02-15,FALN,43.07,42.99,43.5,42.43,2520982,Fallen Corp
2023-01-11,FB,162.09,161.93,162.74,161.28,17427297,Meta Platforms
2023-12-07,XOM,157.21,157.06,158.0,156.27,38833647,XOM Inc
2023-04-24,MSFT,239.82,239.58,241.02,238.38,11202258,MSFT Inc
2023-01-17,XOM,107.21,107.1,107.74,106.56,38997463,XOM Inc
2023-05-17,JPM,144.58,144.43,145.3,143.71,29101438,JPM Inc
2023-08-04,AAPL,107.33,107.22,107.87,106.69,26716219,AAPL Inc
2023-04-05,XOM,112.48,112.36,113.04,111.8,17429667,XOM Inc
2023-03-29,MSFT,282.25,281.96,283.66,280.55,20105101,MSFT Inc
2023-04-11,FALN,44.98,44.89,45.43,44.3,1106022,Fallen Corp
2023-04-26,AAPL,112.91,112.8,113.48,112.23,8741196,AAPL Inc
2023-12-20,MSFT,330.01,329.68,331.66,328.03,45984077,MSFT Inc
2023-03-20,FALN,37.21,37.13,37.58,36.65,6393038,Fallen Corp
2023-08-04,XOM,1100.4,109.93,110.59,109.38,20140449,XOM Inc
2023-01-03,FB,148.82,148.67,149.42,148.08,26708666,Meta Platforms
2023-01-16,AAPL,141.34,141.2,142.05,140.49,10084921,AAPL Inc
2023-03-21,XOM,-108.94,108.83,109.48,108.28,10720626,XOM Inc
2023-02-15,AAPL,120.22,120.1,120.82,119.49,39958762,AAPL Inc
2023-08-03,MSFT,298.17,297.87,299.66,296.38,5390719,MSFT Inc
2023-03-27,JPM,141.43,141.29,142.14,140.58,11689142,JPM Inc
2023-10-10,META,232.52,232.29,233.45,231.36,28317940,Meta Platforms
2023-09-28,META,241.05,240.81,242.01,239.84,35120415,Meta Platforms
2023-05-16,JPM,146.58,146.44,147.32,145.7,10742533,JPM Inc
2023-12-01,XOM,160.28,160.12,161.08,159.32,23737371,XOM Inc
2023-05-05,AAPL,111.8,111.68,112.36,111.13,27558781,AAPL Inc
2023-03-08,FB,155.5,155.34,156.12,154.72,32991854,Meta Platforms
2023-04-25,JPM,153.1,152.95,153.87,152.18,45930951,JPM Inc
2023-07-06,AAPL,108.89,108.78,109.43,108.23,21434343,AAPL Inc
2023-02-20,JPM,145.49,145.34,146.21,144.61,49799034,JPM Inc
2023-12-26,XOM,160.48,160.32,161.28,159.52,9226156,XOM Inc
2023-03-27,MSFT,276.66,276.39,278.05,275.0,42783647,MSFT Inc
2023-07-31,META,213.55,213.33,214.4,212.48,37701434,Meta Platforms
2023-04-13,FB,165.66,165.5,166.33,164.83,30655025,Meta Platforms
2023-06-15,JPM,172.46,172.29,173.32,171.43,29733272,JPM Inc
2023-02-15,JPM,147.11,146.97,147.85,146.23,39761500,JPM Inc
2023-04-20,FALN,51.42,51.31,51.93,50.65,3983516,Fallen Corp
2023-01-31,XOM,108.24,108.14,108.79,107.59,5290998,XOM Inc
2023-02-02,FB,161.07,160.91,161.72,160.27,17863438,Meta Platforms
2023-09-01,AAPL,28.76,28.73,28.9,28.59,110087216,AAPL Inc
2023-12-19,JPM,304.06,303.76,305.58,302.24,35131276,JPM Inc
2023-12-11,AAPL,33.85,33.82,34.02,33.65,188223424,AAPL Inc
2023-04-12,FB,166.77,166.6,167.43,165.93,16784672,Meta Platforms
2023-07-24,AAPL,109.85,109.74,110.4,109.19,28020885,AAPL Inc
2023-05-08,AAPL,112.05,111.94,112.61,111.38,37425301,AAPL Inc
2023-08-23,JPM,195.11,194.92,196.09,193.94,11592910,JPM Inc
2023-03-13,MSFT,257.0,256.75,258.29,255.46,10579079,MSFT Inc
2023-05-11,AAPL,112.01,111.9,112.57,111.34,31778642,AAPL Inc
2023-05-03,FALN,48.13,48.03,48.61,47.4,1510370,Fallen Corp
2023-07-28,XOM,104.3,104.2,104.82,103.68,22456057,XOM Inc
2023-02-27,FB,153.26,153.11,153.87,152.49,22025170,Meta Platforms
2023-01-02,FALN,43.76,43.68,44.2,43.11,5107834,Fallen Corp
2023-12-07,AAPL,34.89,34.85,35.06,34.68,69841020,AAPL Inc
2023-10-27,AAPL,35.35,35.32,35.53,35.14,115023812,AAPL Inc
2023-11-09,XOM,161.99,161.83,162.8,161.02,27958638,XOM Inc
2023-04-20,XOM,122.17,122.05,122.78,121.44,8651387,XOM Inc
2023-08-21,MSFT,303.45,303.15,304.97,301.63,6270896,MSFT Inc
2023-06-26,META,215.02,214.81,215.88,213.95,32407121,Meta Platforms
2023-11-14,AAPL,35.16,35.12,35.34,34.95,111614140,AAPL Inc
2023-06-30,FALN,34.09,34.02,34.43,33.58,7291256,Fallen Corp
2023-01-02,AAPL,131.34,131.21,131.99,130.55,28295179,AAPL Inc
2023-07-18,MSFT,304.32,304.02,305.84,302.49,8138145,MSFT Inc
2023-04-28,AAPL,110.02,109.91,110.57,109.36,24511512,AAPL Inc
2023-08-16,AAPL,112.12,112.0,112.68,111.44,40433922,AAPL Inc
2023-06-09,AAPL,109.09,108.98,109.64,108.44,43887092,AAPL Inc
2023-08-07,JPM,195.12,194.93,196.1,193.95,7086213,JPM Inc
2023-02-01,FB,161.14,160.98,161.78,160.33,27034570,Meta Platforms
2023-06-09,XOM,108.44,108.33,108.98,107.79,31769370,XOM Inc
2023-05-31,JPM,162.16,162.0,162.97,161.19,20099203,JPM Inc
2023-09-06,XOM,122.85,122.73,123.46,122.11,44993954,XOM Inc
2023-02-15,XOM,101.25,101.15,101.76,100.65,13333100,XOM Inc
2023-12-28,AAPL,35.98,35.95,36.16,35.77,153694976,AAPL Inc
2023-05-30,JPM,156.61,156.46,157.4,155.67,22498600,JPM Inc
2023-03-14,XOM,109.61,109.5,110.15,108.95,36979500,XOM Inc
2023-11-24,AAPL,35.18,35.15,35.36,34.97,72185872,AAPL Inc
2023-07-10,AAPL,110.33,110.22,110.89,109.67,30884040,AAPL Inc
2023-05-18,JPM,143.02,142.88,143.74,142.16,41181576,JPM Inc
2023-03-28,XOM,112.31,112.2,112.87,111.64,38422637,XOM Inc
2023-04-05,XOM,112.48,112.36,113.04,111.8,17429667,XOM Inc
2023-09-15,XOM,131.2,131.07,131.86,130.42,33997485,XOM Inc
2023-04-12,JPM,156.67,156.52,157.46,155.73,27015777,JPM Inc
2023-04-27,MSFT,241.66,241.42,242.87,240.21,8526737,MSFT Inc
2023-01-18,FB,165.51,165.35,166.17,164.68,23559001,Meta Platforms
2023-02-16,MSFT,262.55,262.29,263.87,260.98,26988809,MSFT Inc
2023-05-26,MSFT,234.14,233.9,235.31,232.73,19072989,MSFT Inc
2023-09-07,AAPL,29.99,29.96,30.14,29.81,174015724,AAPL Inc
2023-07-21,JPM,196.21,196.02,197.19,195.04,39301851,JPM Inc
2023-11-07,XOM,155.66,155.5,156.44,154.73,9463158,XOM Inc
2023-01-20,AAPL,130.99,130.86,131.65,130.21,18470137,AAPL Inc
2023-08-21,AAPL,28.37,28.34,28.51,28.2,181976548,AAPL Inc
2023-03-24,AAPL,109.94,109.83,110.49,109.28,24699313,AAPL Inc
2023-09-29,JPM,243.45,243.2,244.66,241.99,44833034,JPM Inc
2023-08-15,JPM,206.4,206.19,207.43,205.16,43599274,JPM Inc
2023-01-09,XOM,116.4,116.29,116.98,115.7,39849361,XOM Inc
2023-08-18,MSFT,307.52,307.21,309.05,305.67,44787171,MSFT Inc
2023-02-15,MSFT,261.86,261.6,263.17,260.29,33676873,MSFT Inc
2023-02-13,FALN,44.06,43.98,44.5,43.4,7667416,Fallen Corp
2023-06-05,FB,206.52,206.31,207.34,205.48,36273634,Meta Platforms
2023-04-07,MSFT,255.0,254.74,256.27,253.47,6962165,MSFT Inc
2023-08-25,MSFT,304.41,304.11,305.94,302.59,21770274,MSFT Inc
2023-11-29,XOM,160.62,160.46,161.43,159.66,35284261,XOM Inc
2023-04-21,AAPL,109.22,109.11,109.77,108.57,23132747,AAPL Inc
2023-01-25,FALN,40.61,40.53,41.01,40.0,7009415,Fallen Corp
2023-08-16,XOM,110.69,110.57,111.24,110.02,6437188,XOM Inc
2023-03-24,XOM,110.84,110.73,111.4,110.18,44929257,XOM Inc
2023-11-24,JPM,315.92,315.6,317.5,314.02,9428690,JPM Inc
2023-06-12,XOM,104.63,104.53,105.15,104.0,20433222,XOM Inc
2023-12-22,AAPL,35.57,35.53,35.75,35.35,37383040,AAPL Inc
2023-11-21,META,254.98,254.73,256.0,253.71,17611432,Meta Platforms
2023-04-13,FALN,47.83,47.73,48.31,47.11,6655635,Fallen Corp
2023-07-11,AAPL,108.65,108.54,109.19,108.0,45201137,AAPL Inc
2023-04-19,XOM,122.11,121.99,122.72,121.37,32804333,XOM Inc
2023-10-19,JPM,237.0,236.76,238.18,235.58,19394752,JPM Inc
2023-04-28,XOM,114.29,114.18,114.86,113.61,8028631,XOM Inc
2023-09-29,XOM,125.48,125.35,126.11,124.73,28593741,XOM Inc
2023-11-28,MSFT,349.52,349.17,351.27,347.42,7035848,MSFT Inc
2023-09-04,XOM,116.51,116.39,117.09,115.81,45925115,XOM Inc
2023-02-13,XOM,104.57,104.46,105.09,103.94,9138286,XOM Inc
2023-06-30,AAPL,113.35,113.24,113.92,112.67,36665404,AAPL Inc
2023-04-19,MSFT,242.35,242.11,243.56,240.9,25449430,MSFT Inc
2023-12-28,META,263.96,263.69,265.01,262.64,18303143,Meta Platforms
2023-05-04,JPM,149.2,149.05,149.95,148.31,24921696,JPM Inc
2023-10-02,AAPL,30.36,30.33,30.52,30.18,29492556,AAPL Inc
2023-07-07,XOM,95.16,95.06,95.63,94.59,17155863,XOM Inc
2023-03-31,JPM,140.11,139.97,140.81,139.27,5647296,JPM Inc
2023-05-25,AAPL,102.66,102.56,103.17,102.04,42327243,AAPL Inc
2023-08-04,META,216.05,215.84,216.92,214.97,25652956,Meta Platforms
2023-08-24,META,230.28,230.05,231.2,229.13,24567593,Meta Platforms
2023-10-13,JPM,252.37,252.12,253.63,250.86,16392083,JPM Inc
2023-06-02,XOM,118.19,118.07,118.78,117.48,5805113,XOM Inc
2023-01-03,XOM,112.57,112.46,113.13,111.89,46822973,XOM Inc
2023-04-14,XOM,115.43,115.32,116.01,114.74,35190179,XOM Inc
2023-06-16,XOM,100.92,100.82,101.42,100.31,31621905,XOM Inc
2023-11-15,AAPL,34.42,34.38,34.59,34.21,129383280,AAPL Inc
2023-09-07,META,246.27,246.02,247.26,245.04,25547546,Meta Platforms
2023-06-27,AAPL,115.47,115.36,116.05,114.78,42962681,AAPL Inc
2023-07-24,MSFT,302.47,302.16,303.98,300.65,47515252,MSFT Inc
2023-01-02,XOM,113.79,113.67,114.36,113.1,30464695,XOM Inc
2023-03-07,XOM,115.03,114.91,115.6,114.34,43844162,XOM Inc
2023-10-03,JPM,246.56,246.32,247.8,245.09,5175211,JPM Inc
2023-09-13,META,244.12,243.88,245.1,242.9,27256299,Meta Platforms
2023-02-06,FALN,41.39,41.31,41.81,40.77,7548780,Fallen Corp
2023-03-02,MSFT,284.48,284.19,285.9,282.77,25820280,MSFT Inc
2023-01-11,MSFT,262.23,261.97,263.54,260.66,34122426,MSFT Inc
2023-02-06,JPM,150.24,150.09,150.99,149.34,42176570,JPM Inc
2023-10-25,AAPL,35.09,35.06,35.27,34.88,126916492,AAPL Inc
2023-06-20,XOM,100.67,100.57,101.17,100.06,11208714,XOM Inc
2023-07-18,XOM,96.05,95.95,96.53,95.47,10403252,XOM Inc
2023-08-14,JPM,204.54,204.34,205.57,203.32,40553686,JPM Inc
2023-02-24,XOM,107.49,107.38,108.02,106.84,42937226,XOM Inc
2023-04-26,MSFT,241.31,241.07,242.52,239.87,14880860,MSFT Inc
2023-02-10,JPM,147.39,147.24,148.12,146.5,14955661,JPM Inc
2023-09-26,XOM,125.84,125.72,126.47,125.09,19514254,XOM Inc
2023-02-20,MSFT,273.86,273.59,275.23,272.22,19493549,MSFT Inc
2023-09-11,JPM,210.92,210.71,211.98,209.66,37039284,JPM Inc
2023-04-13,AAPL,117.88,117.77,118.47,117.18,32348975,AAPL Inc
2023-05-01,JPM,153.68,153.53,154.45,152.76,21040922,JPM Inc
2023-05-26,AAPL,102.36,102.26,102.87,101.75,7317336,AAPL Inc
2023-06-30,JPM,176.2,176.02,177.08,175.14,18611312,JPM Inc
2023-11-27,META,249.42,249.17,250.41,248.17,24374288,Meta Platforms
2023-01-09,FALN,41.12,41.04,41.53,40.5,6837196,Fallen Corp
2023-09-08,MSFT,322.69,322.37,324.3,320.75,24545578,MSFT Inc
2023-12-08,XOM,159.55,159.39,160.35,158.59,7843236,XOM Inc
2023-05-09,AAPL,114.27,114.16,114.84,113.59,8264908,AAPL Inc
2023-04-19,FALN,52.31,52.2,52.83,51.52,1470529,Fallen Corp
2023-05-01,FB,174.57,174.39,175.26,173.69,19783893,Meta Platforms
2023-07-06,XOM,95.46,95.36,95.94,94.89,20851428,XOM Inc
2023-05-24,AAPL,104.29,104.18,104.81,103.66,27159503,AAPL Inc
2023-11-30,AAPL,33.93,33.9,34.1,33.73,134914244,AAPL Inc
2023-03-14,FB,153.07,152.92,153.68,152.3,32216512,Meta Platforms
2023-08-23,XOM,112.5,112.39,113.06,111.82,44387233,XOM Inc
2023-08-17,XOM,109.27,109.16,109.82,108.62,40210753,XOM Inc
2023-01-24,FB,178.4,178.22,179.11,177.51,32438280,Meta Platforms
2023-01-09,AAPL,135.71,135.58,136.39,134.9,25279846,AAPL Inc
2023-07-03,META,221.49,221.27,222.37,220.38,25172466,Meta Platforms
2023-09-25,XOM,128.61,128.48,129.26,127.84,17155092,XOM Inc
2023-01-26,AAPL,125.58,125.46,126.21,124.83,33709379,AAPL Inc
2023-06-20,AAPL,111.25,111.14,111.8,110.58,35773482,AAPL Inc
2023-07-25,JPM,188.05,187.87,188.99,186.93,10438684,JPM Inc
2023-08-17,META,216.35,216.13,217.21,215.27,31970075,Meta Platforms
2023-01-20,MSFT,239.54,239.3,240.74,238.1,16707868,MSFT Inc
2023-08-31,MSFT,318.84,318.52,320.43,316.92,9131479,MSFT Inc
2023-02-21,XOM,105.18,105.08,105.71,104.55,43488026,XOM Inc
2023-08-25,META,229.55,229.32,230.46,228.4,15830395,Meta Platforms
2023-09-14,META,241.5,241.26,242.46,240.29,36560140,Meta Platforms
2023-09-12,AAPL,31.55,31.52,31.7,31.36,178469340,AAPL Inc
2023-09-15,AAPL,31.07,31.04,31.22,30.88,109923812,AAPL Inc
2023-07-25,MSFT,294.2,293.91,295.67,292.44,20016390,MSFT Inc
2023-05-08,XOM,110.22,110.11,110.77,109.56,9024733,XOM Inc
2023-01-02,JPM,138.69,138.55,139.38,137.86,16872847,JPM Inc
2023-11-16,XOM,152.78,152.62,153.54,151.86,24608785,XOM Inc
2023-06-19,MSFT,253.04,252.78,254.3,251.52,34228266,MSFT Inc
2023-08-23,MSFT,309.68,309.37,311.23,307.82,6059622,MSFT Inc
2023-04-20,AAPL,113.62,113.5,114.19,112.94,43149309,AAPL Inc
2023-11-24,XOM,162.84,162.67,163.65,161.86,22601359,XOM Inc
2023-12-06,META,242.76,242.51,243.73,241.54,39749898,Meta Platforms
2023-05-03,JPM,150.01,149.86,150.76,149.11,13704813,JPM Inc
2023-05-26,FB,200.9,200.7,201.71,199.9,26300081,Meta Platforms
2023-12-25,META,264.3,264.04,265.36,262.98,32849526,Meta Platforms
2023-07-11,META,205.66,205.46,206.48,204.63,29674922,Meta Platforms
2023-02-01,FALN,39.83,39.75,40.23,39.23,3075915,Fallen Corp
2023-03-21,FALN,37.74,37.67,38.12,37.18,2372070,Fallen Corp
2023-04-04,FALN,46.03,45.93,46.49,45.34,6714129,Fallen Corp
2023-05-12,FALN,48.37,48.28,48.86,47.65,6935677,Fallen Corp
2023-05-09,FB,184.81,184.62,185.54,183.88,30776669,Meta Platforms
2023-09-14,XOM,129.76,129.63,130.41,128.98,41185155,XOM Inc
2023-02-24,JPM,144.19,144.04,144.91,143.32,33113586,JPM Inc
2023-04-11,XOM,111.84,111.73,112.4,111.17,17743293,XOM Inc
2023-09-04,JPM,195.67,195.48,196.65,194.5,37945953,JPM Inc
2023-11-03,META,251.07,250.82,252.07,249.81,25125440,Meta Platforms
2023-08-23,META,228.01,227.78,228.92,226.87,24284503,Meta Platforms
2023-09-05,MSFT,352.08,351.73,353.84,349.97,41905710,MSFT Inc
2023-11-20,MSFT,372.83,372.46,374.7,370.6,28387092,MSFT Inc
2023-01-24,XOM,102.84,102.74,103.36,102.23,36632286,XOM Inc
2023-07-25,META,212.61,212.39,213.46,211.54,33524957,Meta Platforms
2023-04-07,AAPL,109.94,109.83,110.49,109.28,7640328,AAPL Inc
2023-02-16,XOM,103.82,103.71,104.34,103.2,11893728,XOM Inc
2023-01-27,FB,168.84,168.67,169.51,167.99,39862495,Meta Platforms
2023-01-17,AAPL,140.07,139.93,140.77,139.23,32810313,AAPL Inc
2023-07-21,AAPL,108.11,108.01,108.65,107.47,21164204,AAPL Inc
2023-07-19,XOM,94.92,94.82,95.39,94.35,33204739,XOM Inc
2023-06-22,JPM,173.37,173.19,174.24,172.33,28827142,JPM Inc
2023-09-05,AAPL,29.27,29.24,29.41,29.09,175435764,AAPL Inc
2023-11-03,XOM,152.08,151.92,152.84,151.16,37134440,XOM Inc
2023-09-11,MSFT,318.0,317.68,319.59,316.09,16415376,MSFT Inc
2023-01-03,JPM,139.62,139.48,140.32,138.78,22819593,JPM Inc
2023-12-14,META,233.51,233.28,234.44,232.34,14139289,Meta Platforms
2023-11-17,XOM,154.63,154.48,155.41,153.7,12322153,XOM Inc
2023-04-07,FB,163.68,163.51,164.33,162.86,20140106,Meta Platforms
2023-07-20,AAPL,107.52,107.41,108.06,106.88,18659783,AAPL Inc
2023-11-30,JPM,291.44,291.15,292.9,289.69,8696176,JPM Inc
2023-12-29,MSFT,327.74,327.41,329.37,325.77,17267883,MSFT Inc
2023-03-08,XOM,117.28,117.17,117.87,116.58,41793968,XOM Inc
2023-08-24,MSFT,314.89,314.58,316.47,313.0,9422375,MSFT Inc
2023-05-10,JPM,143.55,143.41,144.27,142.69,18913140,JPM Inc
2023-12-27,XOM,161.12,160.96,161.93,160.16,32640477,XOM Inc
2023-08-08,AAPL,109.9,109.79,110.44,109.24,17831595,AAPL Inc
2023-01-27,JPM,142.74,142.59,143.45,141.88,42774891,JPM Inc
2023-10-10,MSFT,314.05,313.74,315.62,312.17,11867218,MSFT Inc
2023-03-21,JPM,143.54,143.39,144.26,142.68,38134205,JPM Inc
2023-12-25,AAPL,35.24,35.2,35.41,35.02,115723936,AAPL Inc
2023-10-13,XOM,137.59,137.45,138.27,136.76,10071915,XOM Inc
2023-01-30,FB,166.08,165.91,166.74,165.25,20822611,Meta Platforms
2023-11-21,XOM,161.25,161.09,162.05,160.28,41073939,XOM Inc
2023-02-27,JPM,145.59,145.44,146.32,144.72,49336333,JPM Inc
2023-10-19,AAPL,30.77,30.74,30.92,30.58,86946452,AAPL Inc
2023-07-10,XOM,98.5,98.4,98.99,97.91,48542832,XOM Inc
2023-01-03,AAPL,131.01,130.88,131.67,130.23,11597519,AAPL Inc
2023-01-13,MSFT,252.16,251.91,253.42,250.65,36908562,MSFT Inc
2023-01-09,MSFT,253.13,252.87,254.39,251.61,33746717,MSFT Inc
2023-07-14,XOM,95.28,95.18,95.76,94.71,25275624,XOM Inc
2023-11-20,AAPL,33.93,33.89,34.1,33.72,192438512,AAPL Inc
2023-12-11,META,228.45,228.23,229.37,227.31,34167060,Meta Platforms
2023-04-28,FALN,49.59,49.49,50.09,48.85,7541224,Fallen Corp
2023-12-04,META,251.6,251.34,252.6,250.34,25020740,Meta Platforms
2023-05-05,XOM,112.28,112.16,112.84,111.6,48721579,XOM Inc
2023-02-14,FALN,44.37,44.28,44.81,43.7,1647341,Fallen Corp
2023-05-18,XOM,118.31,118.19,118.9,117.6,45365237,XOM Inc
2023-06-09,FB,212.14,211.93,212.99,211.08,13372863,Meta Platforms
2023-07-13,MSFT,307.7,307.39,309.24,305.85,45345400,MSFT Inc
2023-07-14,META,210.14,209.93,210.98,209.09,36264481,Meta Platforms
2023-03-06,AAPL,106.95,106.84,107.48,106.3,7976242,AAPL Inc
2023-08-15,AAPL,109.51,109.4,110.06,108.86,12827494,AAPL Inc
2023-10-31,XOM,147.73,147.58,148.46,146.84,38091145,XOM Inc
2023-10-25,JPM,235.17,234.94,236.35,233.76,38766262,JPM Inc
2023-06-07,JPM,160.19,160.03,160.99,159.22,9031464,JPM Inc
2023-02-09,MSFT,250.96,250.71,252.22,249.46,31791175,MSFT Inc
2023-02-03,FALN,39.04,38.96,39.43,38.46,4345647,Fallen Corp
2023-11-17,META,255.01,254.75,256.03,253.73,26658746,Meta Platforms
2023-03-20,JPM,143.69,143.55,144.41,142.83,8184790,JPM Inc
2023-04-17,XOM,117.37,117.25,117.96,116.67,49690216,XOM Inc
2023-07-11,XOM,95.86,95.77,96.34,95.29,18981528,XOM Inc
2023-05-05,FB,184.12,183.94,184.86,183.2,23436812,Meta Platforms
2023-07-05,META,213.22,213.01,214.08,212.16,17081530,Meta Platforms
2023-08-09,XOM,113.43,113.31,114.0,112.75,27229189,XOM Inc
2023-04-03,FALN,46.28,46.19,46.75,45.59,1861069,Fallen Corp
2023-03-01,FB,156.07,155.92,156.7,155.29,31864908,Meta Platforms
2023-12-13,AAPL,33.12,33.08,33.28,32.92,26540624,AAPL Inc
2023-10-31,MSFT,377.09,376.72,378.98,374.83,28388869,MSFT Inc
2023-05-01,AAPL,108.95,108.85,109.5,108.3,21583522,AAPL Inc
2023-10-20,MSFT,350.37,350.02,352.12,348.26,26671503,MSFT Inc
2023-11-13,AAPL,35.1,35.07,35.28,34.89,175166512,AAPL Inc
2023-12-29,JPM,299.77,299.47,301.26,297.97,27406697,JPM Inc
2023-04-11,MSFT,243.3,243.05,244.51,241.84,5611213,MSFT Inc
2023-11-23,AAPL,33.69,33.66,33.86,33.49,139735292,AAPL Inc
2023-04-06,JPM,151.43,151.28,152.18,150.52,42655044,JPM Inc
2023-10-30,MSFT,380.06,379.68,381.96,377.78,25515189,MSFT Inc
2023-06-16,META,203.14,202.94,203.95,202.13,35076068,Meta Platforms
2023-04-21,JPM,150.14,149.99,150.89,149.24,41387984,JPM Inc
2023-08-15,MSFT,304.68,304.38,306.21,302.85,29694812,MSFT Inc
2023-09-13,AAPL,30.89,30.86,31.04,30.7,103250836,AAPL Inc
2023-10-26,XOM,141.09,140.95,141.8,140.25,20342276,XOM Inc
2023-11-13,XOM,157.73,157.57,158.52,156.78,42967791,XOM Inc
2023-03-10,AAPL,105.33,105.22,105.85,104.69,32812615,AAPL Inc
2023-09-01,META,239.74,239.5,240.7,238.54,25410095,Meta Platforms
2023-12-22,XOM,154.12,153.96,154.89,153.19,35781302,XOM Inc
2023-01-13,JPM,144.89,144.75,145.62,144.02,15856760,JPM Inc
2023-05-11,FB,183.36,183.18,184.1,182.45,17246813,Meta Platforms
2023-11-14,MSFT,382.85,382.47,384.76,380.55,48545615,MSFT Inc
2023-11-29,MSFT,359.67,359.31,361.46,357.51,26900146,MSFT Inc
2023-05-30,AAPL,107.22,107.11,107.76,106.58,7763642,AAPL Inc
2023-09-14,MSFT,310.53,310.22,312.08,308.67,31280417,MSFT Inc
2023-07-03,JPM,177.5,177.33,178.39,176.44,34718818,JPM Inc
2023-01-03,FALN,44.16,44.07,44.6,43.49,7668198,Fallen Corp
2023-10-24,JPM,235.53,235.3,236.71,234.12,16098252,JPM Inc
2023-09-25,AAPL,30.09,30.06,30.24,29.91,67559504,AAPL Inc
2023-02-01,MSFT,250.07,249.82,251.32,248.57,42646529,MSFT Inc
2023-02-10,AAPL,117.17,117.06,117.76,116.47,16438459,AAPL Inc
2023-08-25,AAPL,29.4,29.36,29.54,29.22,160037360,AAPL Inc
2023-11-14,XOM,157.12,156.96,157.9,156.18,32199725,XOM Inc
2023-02-24,FB,151.56,151.41,152.16,150.8,10744748,Meta Platforms
2023-05-22,AAPL,105.83,105.72,106.36,105.2,42154297,AAPL Inc
2023-10-04,AAPL,29.94,29.91,30.09,29.76,191204792,AAPL Inc
2023-11-27,MSFT,360.66,360.3,362.46,358.49,47607220,MSFT Inc
2023-07-04,JPM,176.54,176.36,177.42,175.48,41591531,JPM Inc
2023-10-25,XOM,140.99,140.85,141.7,140.14,47893202,XOM Inc
2023-03-03,AAPL,108.46,108.36,109.01,107.81,38127676,AAPL Inc
2023-10-02,JPM,254.29,254.04,255.56,252.76,44697758,JPM Inc
2023-06-08,MSFT,271.4,271.12,272.75,269.77,34396082,MSFT Inc
2023-08-17,JPM,203.45,203.25,204.47,202.23,31153295,JPM Inc
2023-03-07,JPM,149.1,148.95,149.85,148.21,12536765,JPM Inc
2023-04-12,XOM,114.33,114.22,114.9,113.64,44467750,XOM Inc
2023-10-09,MSFT,328.06,327.73,329.7,326.09,45131083,MSFT Inc
2023-06-19,FALN,38.15,38.07,38.53,37.58,7607912,Fallen Corp
2023-02-24,AAPL,110.46,110.35,111.01,109.79,40803420,AAPL Inc
2023-09-01,MSFT,323.48,323.16,325.1,321.54,47955157,MSFT Inc
2023-10-05,XOM,127.98,127.85,128.62,127.21,8133211,XOM Inc
2023-04-14,FB,159.45,159.3,160.09,158.66,31653925,Meta Platforms
2023-11-22,XOM,157.48,157.33,158.27,156.54,47023297,XOM Inc
2023-10-03,MSFT,338.85,338.51,340.54,336.82,15047595,MSFT Inc
2023-01-02,MSFT,241.12,240.88,242.33,239.68,21405566,MSFT Inc
2023-02-20,AAPL,116.87,116.75,117.45,116.17,39045504,AAPL Inc
2023-03-15,XOM,107.25,107.14,107.78,106.6,48682501,XOM Inc
2023-03-10,MSFT,268.35,268.08,269.69,266.74,22547260,MSFT Inc
2023-01-24,MSFT,242.06,241.81,243.27,240.6,41248719,MSFT Inc
2023-06-19,JPM,168.41,168.24,169.25,167.4,27371392,JPM Inc
2023-07-14,JPM,181.72,181.54,182.63,180.63,25554754,JPM Inc
2023-05-26,JPM,147.36,147.21,148.1,146.48,24397196,JPM Inc
2023-04-07,XOM,111.73,111.62,112.29,111.06,31502745,XOM Inc
2023-07-06,MSFT,285.38,285.1,286.81,283.67,25080673,MSFT Inc
2023-05-31,AAPL,107.63,107.52,108.17,106.98,46244116,AAPL Inc
2023-05-05,MSFT,257.07,256.82,258.36,255.53,25153729,MSFT Inc
2023-01-06,JPM,147.42,147.27,148.15,146.53,27039912,JPM Inc
2023-01-13,XOM,108.73,108.62,109.27,108.08,46266066,XOM Inc
2023-03-08,AAPL,108.29,108.19,108.84,107.64,41203222,AAPL Inc
2023-10-12,AAPL,31.2,31.17,31.36,31.02,126331604,AAPL Inc
2023-01-31,AAPL,125.26,125.14,125.89,124.51,32451727,AAPL Inc
2023-07-19,MSFT,294.06,293.77,295.53,292.3,34063435,MSFT Inc
2023-04-12,FALN,45.78,45.69,46.24,45.09,3799131,Fallen Corp
2023-06-16,FALN,38.78,38.71,39.17,38.2,3661198,Fallen Corp
2023-10-27,XOM,142.01,141.87,142.72,141.16,39829066,XOM Inc
2023-11-14,JPM,308.2,307.89,309.74,306.35,15718361,JPM Inc
2023-07-24,META,207.08,206.88,207.91,206.05,32131182,Meta Platforms
2023-06-07,FALN,41.03,40.95,41.44,40.42,5754619,Fallen Corp
2023-02-16,AAPL,117.73,117.62,118.32,117.03,22028708,AAPL Inc
2023-01-18,XOM,107.74,107.63,108.28,107.09,31256492,XOM Inc
2023-07-27,XOM,103.65,103.54,104.17,103.03,8284321,XOM Inc
2023-01-12,FALN,41.53,41.45,41.95,40.91,3702994,Fallen Corp
2023-10-27,META,245.17,244.93,246.15,243.95,25078236,Meta Platforms
2023-04-20,FB,160.02,159.86,160.66,159.22,12592316,Meta Platforms
2023-03-24,JPM,144.15,144.0,144.87,143.28,14963441,JPM Inc
2023-11-07,MSFT,356.75,356.39,358.53,354.61,19143385,MSFT Inc
2023-08-08,XOM,113.08,112.97,113.65,112.41,36770093,XOM Inc
2023-05-16,MSFT,259.89,259.63,261.19,258.33,40259647,MSFT Inc
2023-04-27,FB,171.53,171.35,172.21,170.67,15438757,Meta Platforms
2023-12-08,JPM,292.14,291.85,293.6,290.39,13437712,JPM Inc
2023-05-10,AAPL,112.71,112.6,113.28,112.04,26037754,AAPL Inc
2023-01-16,FB,157.19,157.04,157.82,156.41,31599355,Meta Platforms
2023-09-05,META,240.07,239.83,241.03,238.87,26411413,Meta Platforms
2023-02-09,XOM,107.74,107.63,108.28,107.09,24292635,XOM Inc
2023-11-20,JPM,305.83,305.52,307.36,304.0,48440658,JPM Inc
2023-01-27,MSFT,245.97,245.73,247.2,244.5,18781009,MSFT Inc
2023-12-15,JPM,299.34,299.04,300.84,297.55,34565896,JPM Inc
2023-04-28,JPM,151.01,150.86,151.76,150.1,17431216,JPM Inc
2023-12-21,META,258.27,258.01,259.31,256.98,11784006,Meta Platforms
2023-10-19,META,242.18,241.94,243.15,240.97,19064281,Meta Platforms
2023-07-17,MSFT,301.34,301.04,302.85,299.53,20732903,MSFT Inc
2023-12-27,AAPL,35.66,35.62,35.83,35.44,172078328,AAPL Inc
2023-08-25,XOM,113.11,112.99,113.67,112.43,28689071,XOM Inc
2023-03-28,FALN,45.75,45.66,46.21,45.07,3542017,Fallen Corp
2023-03-17,FB,154.8,154.64,155.42,154.02,24703155,Meta Platforms
2023-06-27,FALN,31.99,31.93,32.31,31.51,3538143,Fallen Corp
2023-11-24,MSFT,365.85,365.48,367.68,363.65,16579149,MSFT Inc
2023-12-27,JPM,294.56,294.27,296.04,292.8,37833108,JPM Inc
2023-02-13,JPM,149.1,148.95,149.85,148.21,48859585,JPM Inc
2023-10-10,AAPL,29.88,29.85,30.03,29.7,63947472,AAPL Inc
2023-03-15,MSFT,258.54,258.28,259.83,256.99,18061358,MSFT Inc
2023-02-13,MSFT,259.59,259.33,260.89,258.04,42003110,MSFT Inc
2023-03-09,FB,156.46,156.3,157.08,155.68,19686427,Meta Platforms
2023-12-14,JPM,292.9,292.61,294.36,291.14,18147590,JPM Inc
2023-05-23,FALN,47.06,46.96,47.53,46.35,3894100,Fallen Corp
2023-09-01,XOM,115.18,115.07,115.76,114.49,15999077,XOM Inc
2023-09-14,AAPL,31.2,31.16,31.35,31.01,193474324,AAPL Inc
2023-01-17,FB,161.47,161.31,162.11,160.66,31731798,Meta Platforms
2023-09-15,META,237.53,237.3,238.48,236.35,11901740,Meta Platforms
2023-02-16,FALN,43.64,43.55,44.08,42.99,4329693,Fallen Corp
2023-12-25,XOM,162.25,162.09,163.07,161.28,22355904,XOM Inc
2023-12-18,AAPL,33.76,33.72,33.93,33.56,40004180,AAPL Inc
2023-03-09,XOM,115.49,115.37,116.07,114.8,38007453,XOM Inc
2023-03-31,FALN,46.77,46.68,47.24,46.07,2570057,Fallen Corp
2023-08-21,XOM,108.23,108.12,108.77,107.58,31737775,XOM Inc
2023-07-04,MSFT,286.76,286.47,288.2,285.04,15971177,MSFT Inc
2023-03-22,FALN,38.68,38.6,39.07,38.1,3430721,Fallen Corp
2023-02-07,FB,161.81,161.64,162.45,161.0,24991637,Meta Platforms
2023-06-30,XOM,99.81,99.71,100.31,99.21,48405476,XOM Inc
2023-10-30,JPM,244.59,244.34,245.81,243.12,45071048,JPM Inc
2023-02-17,JPM,147.37,147.23,148.11,146.49,39941412,JPM Inc
2023-05-30,MSFT,252.45,252.2,253.71,250.94,9261946,MSFT Inc
2023-05-01,MSFT,250.61,250.36,251.87,249.11,23786176,MSFT Inc
2023-01-23,JPM,139.81,139.67,140.51,138.97,30258148,JPM Inc
2023-12-27,META,272.2,271.93,273.29,270.84,19017497,Meta Platforms
2023-03-03,FB,148.74,148.59,149.33,147.99,26439751,Meta Platforms
2023-10-18,META,236.61,236.37,237.56,235.43,39249114,Meta Platforms
2023-07-21,XOM,99.85,99.75,100.35,99.25,34489478,XOM Inc
2023-10-24,AAPL,34.42,34.38,34.59,34.21,30671468,AAPL Inc
2023-12-06,MSFT,370.79,370.42,372.65,368.57,28468625,MSFT Inc
2023-01-25,JPM,137.31,137.18,138.0,136.49,6805808,JPM Inc
2023-03-20,FB,151.17,151.02,151.77,150.41,16024293,Meta Platforms
2023-09-04,AAPL,29.25,29.22,29.4,29.08,73798252,AAPL Inc
